Date,Close-Last,Volume,Open,High,Low
2016-09-06,102.43,5425118,101.21,102.61,100.97
2016-09-07,102.88,5283269,102.75,103.05,102.24
2016-09-08,104.12,5782012,103.34,104.345,102.47
2016-09-09,101.27,7785703,103.35,103.41,101.23
2016-09-12,102.25,8136496,101.2,102.55,100.57
2016-09-13,99.43,9289090,101.65,101.65,99.17
2016-09-14,98.42,8195540,99.12,99.95,98.17
2016-09-15,99.5,6749565,98.5,100.39,98.43
2016-09-16,97.84,12722040,98.33,98.81,97.525
2016-09-19,98.04,6177848,98.33,98.85,97.99
2016-09-20,97.7,5771470,98.17,98.48,97.68
2016-09-21,99.63,6352487,98.35,99.69,98.25
2016-09-22,99.98,5409875,100.52,100.75,99.84
2016-09-23,99.22,7355489,99.34,100.55,98.87
2016-09-26,98.78,5774429,99.49,100.28,98.66
2016-09-27,98.98,6469896,98.24,99.658,97.79
2016-09-28,102.15,10166190,99.52,102.28,98.75
2016-09-29,101.27,8135877,102,102.27,100.48
2016-09-30,102.92,9417594,101.83,103.6,101.23
2016-10-03,102.45,4326930,102.55,102.83,101.91
2016-10-04,101.27,6497782,102.71,102.92,100.76
2016-10-05,102.23,5912770,101.99,102.865,101.75
2016-10-06,102.18,4360969,102.32,102.7,101.34
2016-10-07,102.27,5835298,102.5,103.47,102.19
2016-10-10,103.98,5967933,103.21,104.42,103.21
2016-10-11,103.04,5331327,103.78,104.1,102.68
2016-10-12,102.15,4926517,102.74,102.83,101.6
2016-10-13,100.79,7874087,101.49,101.72,99.61
2016-10-14,101.08,5105490,101.48,101.96,100.61
2016-10-17,101.36,4537157,100.94,101.485,100.62
2016-10-18,101.79,4719965,101.99,102.25,101.12
2016-10-19,102.27,5887237,102.47,103.695,102.24
2016-10-20,101.87,4806710,101.64,102.22,100.69
2016-10-21,101.3,5452212,101.06,101.56,100.63
2016-10-24,100.66,6069142,101.56,101.5779,100.06
2016-10-25,100.77,4728406,100.75,101.67,100.522
2016-10-26,101.19,6352089,100.32,101.53,99.87
2016-10-27,99.92,9872441,101.51,101.98,99.92
2016-10-28,103.82,17430570,101.12,105.03,100.95
2016-10-31,104.75,12315710,103.82,105.46,103.78
2016-11-01,106.48,12746080,105.51,106.74,105.45
2016-11-02,105.39,8383153,105.65,106.05,104.25
2016-11-03,105.39,5698232,105.53,106.19,104.95
2016-11-04,104.78,7073514,105.25,105.49,104.38
2016-11-07,106.85,7308739,106,106.98,105.7803
2016-11-08,107.29,8039187,106.57,108.19,106.42
2016-11-09,107.64,9158755,106.04,108.26,105.69
2016-11-10,107.79,8735584,107.54,108.5,107.24
2016-11-11,106.64,7929853,107.48,107.65,105.94
2016-11-14,106.59,7656038,106.15,106.73,105.59
2016-11-15,108.96,12015280,107.49,109.06,107.4
2016-11-16,108.35,7716075,108.2,109,107.74
2016-11-17,108.12,6629114,109,110.1,107.5884
2016-11-18,109.2,6798981,108.57,109.67,108.15
2016-11-21,110.18,8472002,110.36,111,110.07
2016-11-22,110.62,6437924,110.79,111,109.31
2016-11-23,111,4490143,110.4,111.47,110.04
2016-11-25,111,3238554,110.54,111.22,110.12
2016-11-28,110.5,6376362,110.95,111.57,110.38
2016-11-29,109.34,7461440,109.1,109.72,108.4
2016-11-30,111.56,17299650,112.05,112.98,111.3
2016-12-01,113.29,11790480,112.79,114.91,112.53
2016-12-02,113,6164099,113.2,113.81,112.28
2016-12-05,113.25,6902956,113.39,114.48,113.03
2016-12-06,112.76,6033494,112.39,113.485,112.21
2016-12-07,114.44,6414607,113.04,114.48,112.82
2016-12-08,115.17,5507219,114.73,115.4,114.2
2016-12-09,115.81,5771451,114.99,115.99,114.97
2016-12-12,117.15,10039640,117.77,118.99,116.57
2016-12-13,117.42,8502813,117.9,118.31,116.03
2016-12-14,115.96,7873059,116.71,117.88,115.76
2016-12-15,117.05,7458104,115.63,117.39,115.36
2016-12-16,118.08,13635140,117.84,118.58,117.42
2016-12-19,117.65,5772478,118.37,118.45,117.42
2016-12-20,117.95,4315993,117.85,118.63,117.67
2016-12-21,117.91,5016762,118.34,119,117.861
2016-12-22,118.77,4983729,117.94,118.99,117.77
2016-12-23,118.42,2683516,118.41,118.695,118.05
2016-12-27,118.22,2986711,118.5,118.9,118.11
2016-12-28,117.91,4012196,118.31,118.86,117.75
2016-12-29,117.82,3211131,118.01,118.42,117.48
2016-12-30,117.7,5018561,117.44,118.2419,117.31
2017-01-03,117.85,7404673,118.38,119,116.59
2017-01-04,117.82,6679918,118.41,118.65,117.6
2017-01-05,117.31,5927980,118,118.48,116.72
2017-01-06,116.84,4760740,117.45,117.58,116.38
2017-01-09,115.84,6891534,116.29,116.36,115.11
2017-01-10,114.96,6184401,115.56,116.39,114.89
2017-01-11,115.93,6105049,115.15,116.45,114.86
2017-01-12,116.16,4939774,116.5,116.99,115.41
2017-01-13,116.38,4948808,115.86,116.88,115.61
2017-01-17,116.28,4669548,116.4,116.77,116.11
2017-01-18,115.94,4850020,115.68,116.04,115.3986
2017-01-19,115.58,3423205,115.89,115.96,115.29
2017-01-20,115.6,6696476,116.32,116.75,115.34
2017-01-23,115.39,5104029,115.12,115.96,114.99
2017-01-24,116.37,4997135,115.85,117.108,115.61
2017-01-25,117.24,5268727,116.9,117.43,116.34
2017-01-26,116.55,6921860,117.5,117.82,116.5
2017-01-27,113.79,11689000,113.53,114.7,112.85
2017-01-30,111.82,8244455,113.15,113.8,110.72
2017-01-31,111.35,7942854,111.89,112.2,110.76
2017-02-01,111,5887965,111.2,111.78,110.8428
2017-02-02,112.21,6276406,111.17,112.24,110.71
2017-02-03,113.57,6607342,112.41,114.28,112.14
2017-02-06,112.98,5634329,113.28,113.5,112.45
2017-02-07,111.39,6028958,112.98,113.1,111.11
2017-02-08,111.58,5188783,111.13,111.79,110.32
2017-02-09,112.26,4606232,111.91,112.63,111.69
2017-02-10,113.05,6190199,112.75,113.45,112.37
2017-02-13,113.91,4773485,113.36,113.99,113.05
2017-02-14,112.52,5810932,112.68,113.07,111.78
2017-02-15,112.57,7048012,112.21,113.24,112.21
2017-02-16,110.68,9475763,112.99,112.99,110.43
2017-02-17,110.33,8107022,110.42,110.57,109.27
2017-02-21,111.72,6616620,110.73,112.31,110.6
2017-02-22,110.38,5731859,111.19,111.78,110.31
2017-02-23,111.02,8659310,111.34,111.83,110.75
2017-02-24,110.12,6186082,110.9,111.02,109.47
2017-02-27,111.75,7276323,110.65,112.2697,110.37
2017-02-28,112.5,7025482,111.66,112.76,111.49
2017-03-01,113.88,7346095,112.92,114.3932,112.88
2017-03-02,113.36,5888575,113.67,114.27,113.31
2017-03-03,113.55,4909952,113.76,113.89,113.21
2017-03-06,113.17,4727762,113.25,113.5,112.67
2017-03-07,111.81,6659178,113.54,113.88,111.69
2017-03-08,109.61,9066392,111.68,111.92,109.4
2017-03-09,110.04,7245584,109.31,110.17,108.51
2017-03-10,110.61,6556935,111.4,111.4099,109.44
2017-03-13,109.35,6367868,110.51,110.81,109.31
2017-03-14,107.36,9934728,108.47,108.5737,107.12
2017-03-15,108.88,9472045,108.08,108.98,107.54
2017-03-16,107.86,8814481,108.81,108.88,107.44
2017-03-17,107.68,14348880,108,108.42,107.68
2017-03-20,107.66,5301015,107.27,107.85,107.02
2017-03-21,108.04,7292742,108.06,108.23,107.4
2017-03-22,108.39,8103611,107.65,108.85,107.52
2017-03-23,107.87,5451076,108.29,108.86,107.75
2017-03-24,107.99,6332612,107.93,108.42,107.7
2017-03-27,106.28,6467238,107,107.35,105.82
2017-03-28,107.17,6331251,106.28,107.74,106.12
2017-03-29,108.07,4918261,106.95,108.0799,106.88
2017-03-30,107.78,6797633,108.15,108.68,107.2
2017-03-31,107.37,6155281,107.7,108.14,107.05
2017-04-03,107.8,5800871,107.22,107.97,106.38
2017-04-04,108.66,4686859,107.88,108.72,107.01
2017-04-05,108.64,6391122,109.65,110.67,108.56
2017-04-06,109.29,3929383,109.12,109.65,108.75
2017-04-07,108.86,4889410,109.38,109.58,108.665
2017-04-10,109.43,4812093,109.12,110.2,108.97
2017-04-11,108.97,3956317,109.53,109.54,108.06
2017-04-12,108.97,5051747,109.36,109.36,108.45
2017-04-13,106.1,6883287,108.64,108.735,105.93
2017-04-17,106.17,5266673,106.17,106.4837,105.65
2017-04-18,105.68,4244778,105.81,106.68,105.321
2017-04-19,104.23,6659707,105.89,106.14,103.83
2017-04-20,104.88,4973573,104.4,105.69,104.36
2017-04-21,104.89,5425278,104.8,105.43,104.29
2017-04-24,105.93,4537551,105.79,106.41,105.37
2017-04-25,106.73,4612634,106.3,106.97,106.18
2017-04-26,106.08,6677812,106.4,107.48,105.97
2017-04-27,105.47,5776003,105.96,105.98,104.67
2017-04-28,106.7,6848338,107.05,107.6,105.99
2017-05-01,105.92,4954402,106.26,106.73,105.76
2017-05-02,105.36,5001880,106.11,106.53,105.09
2017-05-03,106.72,5656165,105.36,107.26,105.13
2017-05-04,104.81,8034112,106.24,106.33,104.14
2017-05-05,105.79,5059798,104.92,105.885,104.7
2017-05-08,106.68,5163307,105.93,106.72,105.82
2017-05-09,105.08,5022543,106.51,106.75,104.815
2017-05-10,106.5,5582598,105.819,106.83,105.54
2017-05-11,106.21,4631113,107.08,107.08,105.63
2017-05-12,105.96,4488149,106.06,106.2887,105.48
2017-05-15,106.85,6337248,107.15,107.71,106.675
2017-05-16,107.25,4988160,107.57,107.66,106.94
2017-05-17,104.7,6378211,105.53,106.27,104.62
2017-05-18,105.17,5617854,104.55,105.68,103.84
2017-05-19,106.52,8379408,105.52,106.52,105.17
2017-05-22,106.12,4491132,107.09,107.09,105.75
2017-05-23,106.27,3457120,106.07,106.56,105.98
2017-05-24,106.22,3470627,106.1,106.36,105.725
2017-05-25,105.11,5291570,106.1,106.71,104.72
2017-05-26,104.72,3746477,105.05,105.285,104.6
2017-05-30,104.06,4283456,104.35,104.7105,103.7505
2017-05-31,103.48,8034602,103.55,103.89,103.07
2017-06-01,104.27,4759738,103.69,104.28,103.43
2017-06-02,103.11,5860648,103.82,103.94,102.77
2017-06-05,103.19,4517112,102.8,103.58,102.6301
2017-06-06,104.17,4683021,103.11,104.45,102.76
2017-06-07,103.77,7190276,103.97,104.43,102.55
2017-06-08,104,6460325,103.44,104.74,103.44
2017-06-09,106.4,6589063,104.01,106.49,104.01
2017-06-12,108.04,8690153,107.42,108.43,107.2846
2017-06-13,108.13,6089155,108.34,108.49,107.16
2017-06-14,106.6,6192896,107.91,107.99,105.74
2017-06-15,106.33,5441421,106.5,106.8,105.87
2017-06-16,108.35,11628150,106.94,108.36,106.21
2017-06-19,107.46,4478874,108.31,108.38,107.14
2017-06-20,106.48,5166555,106.25,106.6,105.38
2017-06-21,104.49,6987283,105.89,106.9,103.92
2017-06-22,104.45,4196653,104.48,105.14,104.04
2017-06-23,105,5763098,104.25,105.42,104.24
2017-06-26,104.14,3602029,105.03,105.19,104.03
2017-06-27,104.07,4155180,104.73,104.89,104.03
2017-06-28,104.28,4156329,104.43,104.9,104.04
2017-06-29,104.12,4282767,104.38,105.15,104.05
2017-06-30,104.33,5496922,104.53,104.72,103.89
2017-07-03,106.3,4419061,104.24,106.96,104.24
2017-07-05,104.62,4476953,105.99,106.3,104.27
2017-07-06,103.82,5084763,104.67,105.13,103.71
2017-07-07,103.49,6288403,103.59,103.76,102.81
2017-07-10,103.04,4624804,103.44,103.581,102.6
2017-07-11,103.12,4322332,103.15,103.5,102.55
2017-07-12,103.89,3976570,104,104.75,103.47
2017-07-13,104.13,4439125,103.8,104.21,103.46
2017-07-14,104.44,3591805,104.38,104.64,103.73
2017-07-17,104.21,5570540,104.32,104.97,104.08
2017-07-18,103.72,4315980,104.6,104.6,103.51
2017-07-19,104.46,4925916,103.56,104.48,103.51
2017-07-20,104.63,5353741,105,105.37,103.815
2017-07-21,103.25,5300142,104.18,104.38,103.15
2017-07-24,103.2,4064662,103.18,103.57,102.92
2017-07-25,104.39,7085565,104.45,105.15,104.32
2017-07-26,105.12,5880748,104.63,106.08,104.2
2017-07-27,106.11,5887064,104.88,106.3166,104.61
2017-07-28,108.12,7812377,106.71,109.13,106.36
2017-07-31,109.19,7545793,108.39,110,108.15
2017-08-01,110.78,8148627,109.54,110.97,109.42
2017-08-02,110.46,6198277,110.39,111.195,109.85
2017-08-03,109.43,5604427,110.23,110.45,109.05
2017-08-04,110.11,4642402,109.43,110.2,109.43
2017-08-07,109.78,4762664,109.81,110.29,109.5801
2017-08-08,110.35,4106768,110,110.71,109.77
2017-08-09,110.89,3966793,110.74,111.4109,110.26
2017-08-10,110.11,4941604,111.23,111.44,110.03
2017-08-11,109.23,3382440,110.2,110.49,109.13
2017-08-14,108.71,4280841,109.26,109.82,108.32
2017-08-15,108.57,5310334,108.75,108.9,107.525
2017-08-16,106.84,4186362,107.63,107.92,106.69
2017-08-17,105.92,5735318,106.61,106.87,105.91
2017-08-18,106.48,5466718,105.84,107.34,105.5
2017-08-21,105.78,3506005,106.48,106.48,105.3
2017-08-22,106.36,5608620,105.99,106.92,105.81
2017-08-23,106.61,4185754,106.21,107.06,106.11
2017-08-24,107.44,5058786,106.5,107.67,106.33
2017-08-25,108.23,4383476,107.82,108.71,107.52
2017-08-28,107.76,3681492,108.54,108.59,107.27
2017-08-29,107.86,3229460,107.43,108.05,107.04
2017-08-30,107.73,3125932,107.58,107.8422,107.1
2017-08-31,107.62,5508068,108,108.23,107.5
2017-09-01,108.76,3646871,107.68,109.16,107.51
2017-09-05,109.44,5509055,109.36,110.26,108.7
2017-09-06,111.79,8563385,110,112.23,109.8
2017-09-07,111.8,5937756,112.18,112.87,111.36
2017-09-08,110.78,4033102,111.59,111.75,110.53
2017-09-11,112.52,5972996,111.83,112.57,111.52
2017-09-12,112.49,5112712,112.82,112.9467,111.855
2017-09-13,114.18,5889182,112.49,114.32,112.28
2017-09-14,114.45,5818509,114.26,115.3379,114.18
2017-09-15,114.63,8353785,114.83,114.91,113.63
2017-09-18,115.19,4950740,114.42,115.22,114.32
2017-09-19,116.34,6183953,115.25,116.4209,115.19
2017-09-20,116.37,5034574,116.5,117.15,116.195
2017-09-21,116.47,4153395,116.22,116.515,115.83
2017-09-22,117.29,5306219,116.41,117.83,116.27
2017-09-25,117.99,5976237,117.23,118.33,117.02
2017-09-26,117.52,4414798,117.79,118.0254,117.25
2017-09-27,117.45,3886991,117.46,117.5952,116.77
2017-09-28,117.62,4948411,117.17,118.13,117.02
2017-09-29,117.5,4853420,117.17,117.52,116.73
2017-10-02,117.43,4276244,116.42,117.79,115.533
2017-10-03,117.82,3892189,117.08,118.25,117.01
2017-10-04,117.58,3443437,117.82,117.87,117.1278
2017-10-05,118.58,5470850,117.45,118.69,117.33
2017-10-06,117.03,3528743,117.95,118.15,116.8
2017-10-09,117.71,2946379,117.34,118.08,117.01
2017-10-10,118.8,5682946,118.4,119.815,118.29
2017-10-11,119.33,3922331,119.21,119.52,118.58
2017-10-12,119.14,4029019,118.49,119.65,118.31
2017-10-13,119.16,4640071,119.79,120,119.07
2017-10-16,120.13,5499579,119.84,120.89,119.43
2017-10-17,120.22,4387082,120.23,120.74,119.8291
2017-10-18,118.15,5505082,119.4,120.02,117.99
2017-10-19,118.2,4391188,118.06,118.74,117.95
2017-10-20,118.64,4922803,118.61,118.78,118.07
2017-10-23,118.93,3872373,118.72,119.3,118.45
2017-10-24,119.23,4435414,119.48,119.92,119.07
2017-10-25,118.44,4504070,119,119.44,118.145
2017-10-26,118.44,4090355,118.78,119,118.14
2017-10-27,113.54,14531850,116.13,116.4,112.57
2017-10-30,114.39,7517203,113.17,115.1,112.841
2017-10-31,115.89,7151753,114.45,116.38,113.82
2017-11-01,115.9,5027169,116.3,116.97,115.35
2017-11-02,115.33,4329603,116.21,116.47,114.705
2017-11-03,114.99,4101697,115.48,115.75,114.73
2017-11-06,117.04,5945820,115.37,117.155,114.99
2017-11-07,117.24,5219413,117.38,118,116.4757
2017-11-08,116.67,5092845,116.78,117.15,115.9
2017-11-09,117.24,5102963,115.9,117.5,115.62
2017-11-10,117.18,5150842,116.71,117.31,116.1
2017-11-13,117.23,4274406,117.22,117.765,116.68
2017-11-14,116.92,6996414,116.82,117.255,116.25
2017-11-15,116.45,5243542,116.21,117.2295,116.07
2017-11-16,114.57,5888731,115.25,115.82,114.38
2017-11-17,114.71,4337461,114.67,114.99,113.9
2017-11-20,114.72,4634152,114.77,115.03,114.44
2017-11-21,115.17,4592439,115.14,115.86,114.92
2017-11-22,115.91,3950834,115.49,116.7798,115.32
2017-11-24,116.51,1744165,116.55,116.85,116.31
2017-11-27,115.59,4490338,115.85,116.03,115.24
2017-11-28,116.45,4003664,115.92,116.81,115.74
2017-11-29,117.18,3660478,116.2,117.25,115.83
2017-11-30,118.99,7896508,117.26,119.15,117.23
2017-12-01,119.51,6832175,119.81,120.46,118.52
2017-12-04,120.84,7366332,119.81,122.3,119.37
2017-12-05,120.39,4380115,120.77,121.4,120.151
2017-12-06,119.61,4852312,120.3,120.88,119.52
2017-12-07,119.63,4908470,120,120.1,118.96
2017-12-08,119.92,4122000,120.01,120.2412,119.1
2017-12-11,120.42,5427178,120.29,121.11,120.12
2017-12-12,119.68,4300171,120.63,120.74,119.56
2017-12-13,119.93,4399535,119.43,120.17,118.68
2017-12-14,119.53,3736920,119.81,120.2802,119.5
2017-12-15,119.73,11224690,120.44,120.47,119.51
2017-12-18,119.7,4654119,119.92,121.29,119.62
2017-12-19,119.84,4596633,120.32,120.75,119.51
2017-12-20,120.89,6279887,120.28,121.3,119.65
2017-12-21,124.82,10103890,121.39,125.35,121.07
2017-12-22,124.98,4730215,124.85,125.65,124.5748
2017-12-26,125.98,3347917,125.23,126.14,125.0514
2017-12-27,125.55,3451719,125.96,126.2,125.13
2017-12-28,125.58,2191819,125.69,125.89,125.29
2017-12-29,125.19,3828495,125.36,125.98,125.19
2018-01-02,127.58,5626216,125.71,127.74,125.54
2018-01-03,128.51,5804708,127.46,128.94,126.9
2018-01-04,128.11,4593867,127.95,128.35,127.22
2018-01-05,127.9,4186073,127.97,128.1,127.1
2018-01-08,128.53,4823393,127.86,128.63,127.63
2018-01-09,127.84,4422318,128.43,128.935,127.79
2018-01-10,128.66,5287251,128.31,128.76,127.7999
2018-01-11,132.57,11639800,128.92,133.32,128.76
2018-01-12,133.6,7227865,132.19,133.85,132.11
2018-01-16,132.01,6157172,133.67,133.88,131.6
2018-01-17,132.36,5628864,132.19,132.8,130.96
2018-01-18,131.59,5875343,132.35,132.5,131.03
2018-01-19,131.3,6012290,131.83,132,130.21
2018-01-22,132.56,5075876,131.3,132.56,131.28
2018-01-23,131.02,5745213,132.38,132.56,130.73
2018-01-24,131.39,6638079,131.38,132.6678,131.07
2018-01-25,130.65,4593793,131.76,131.87,130.34
2018-01-26,131.19,6297284,130.71,131.75,130.37
2018-01-29,128.48,6345520,130.06,131.58,128.32
2018-01-30,125.23,8076217,127.61,128.01,125.19
2018-01-31,125.35,9626571,125.42,125.815,124.05
2018-02-01,125.57,7811836,125.6,125.63,124.06
2018-02-02,118.58,13108900,123.95,123.95,117.64
2018-02-05,112.62,15301090,116.99,118.3,108.02
2018-02-06,117.18,18405170,111.2,117.63,110.76
2018-02-07,115.29,11527440,117.4,119.27,115.23
2018-02-08,112.3,9876607,115.17,115.89,112.21
2018-02-09,113.5,10912220,113.34,114.62,109.5
2018-02-12,113.98,8357746,114.8,115.85,112.91
2018-02-13,113.29,7062657,113.34,113.605,111.8586
2018-02-14,113.63,7027403,112.5,114.05,111.4
2018-02-15,112.53,5394527,112.86,113.02,110.84
2018-02-16,112.14,5946069,112.35,112.94,111.21
2018-02-20,110.98,6695321,112.28,112.76,110.58
2018-02-21,109.06,6884889,111.14,112.06,109.06
2018-02-22,109.89,7427540,109.55,111.44,108.9
2018-02-23,112.59,6452026,110.46,112.74,110.25
2018-02-26,114.6,7337901,113.18,114.66,112.85
2018-02-27,113.61,6047547,114.87,116.05,113.61
2018-02-28,111.92,7419278,115.02,115.4613,111.88
2018-03-01,112.04,7512288,111.53,113.9001,110.97
2018-03-02,111.64,6214980,111.5,112.18,109.83
2018-03-05,113.15,7814570,111.4,113.33,111.02
2018-03-06,113.65,7950874,113.85,115.52,113.02
2018-03-07,113.84,6653562,112.95,115.08,112.63
2018-03-08,113.35,5995759,114.6,114.745,112.6
2018-03-09,117.22,8830625,114.31,117.3901,114.24
2018-03-12,116.79,6822402,117.5,118.35,116.56
2018-03-13,116.46,6694798,117.23,118.18,116
2018-03-14,115.13,5048306,116.98,117.45,114.86
2018-03-15,115.58,4503434,115.36,116.2101,114.75
2018-03-16,115.4,14355720,115.4,116.19,114.561
2018-03-19,113.89,4793529,115.07,115.23,113.22
2018-03-20,114.5,4582669,114.55,115.7,114.435
2018-03-21,117.04,5896329,114.98,118.11,114.8
2018-03-22,113.7,6170784,115.55,115.74,113.48
2018-03-23,112.98,6226978,114.37,115.77,112.7
2018-03-26,115.35,6068875,114.24,115.585,113.25
2018-03-27,114.66,5244745,115.75,116.86,113.98
2018-03-28,112.1,6981390,114.93,115.26,112.06
2018-03-29,114.04,6621806,112.29,114.43,112.28
2018-04-02,112.24,6202050,113.89,114.39,110.54
2018-04-03,114.83,6714511,112.52,114.98,112.09
2018-04-04,114.48,5698576,113.05,114.79,112.43
2018-04-05,117.29,7030017,114.88,117.89,114.7
2018-04-06,114.76,7062948,116.38,117.01,113.39
2018-04-09,115.98,6830591,115.3,117.17,114.88
2018-04-10,118.85,7636845,117.6,119.83,117.6
2018-04-11,119.25,6156241,118.69,119.38,117.75
2018-04-12,119.23,6685506,119.71,120.669,118.65
2018-04-13,119.92,5188639,119.52,120.789,119.22
2018-04-16,120.7,4588600,120.6,121.7099,119.77
2018-04-17,121.46,5981191,120.94,122,120.56
2018-04-18,123.82,8940730,122.46,124.89,122.4
2018-04-19,123.71,7106609,123.97,125,123.21
2018-04-20,122.31,7556961,123.38,123.46,121.46
2018-04-23,123.58,5971659,122,123.61,121.8
2018-04-24,122.54,7976965,124.36,125.04,121.75
2018-04-25,122.72,5260533,122.34,122.9,121.12
2018-04-26,124.22,6228662,122.67,124.3,122.3
2018-04-27,126.62,8835201,125.5,127.05,124.68
2018-04-30,125.11,7625715,127.02,127.9,125.05
2018-05-01,124.86,7093168,124.03,124.92,123.08
2018-05-02,125.49,5904391,124.2,126.47,124.09
2018-05-03,126.01,6727389,124.59,126.12,123.83
2018-05-04,125.53,5400810,125.21,126.84,124.7101
2018-05-07,124.94,6999937,126.59,128.4,124.44
2018-05-08,126.57,8882661,124.93,126.75,123.63
2018-05-09,128.72,11395850,128.42,130.42,128.085
2018-05-10,128.82,5444773,129.69,129.81,128.39
2018-05-11,129.84,8091770,129.39,130.76,128.52
2018-05-14,130.39,6206925,130.25,131.08,129.8
2018-05-15,129.74,5197577,130.24,130.27,129.25
2018-05-16,129.56,5399240,129.29,129.72,128.3
2018-05-17,129.46,5240163,128.76,129.57,128.38
2018-05-18,127.86,6379184,128.92,129.15,127.8
2018-05-21,129.37,5080827,128.79,129.41,128.27
2018-05-22,128.23,5443908,129.09,130.39,128.1
2018-05-23,128.7,6012202,127.09,128.79,126.55
2018-05-24,126.61,5901839,127.4,127.4,125.85
2018-05-25,122.19,8922232,124.54,124.76,121.22
2018-05-29,121.39,7383569,121.1,122.43,120.06
2018-05-30,125.16,7103963,122.65,125.665,122.34
2018-05-31,124.3,7459684,124.08,124.82,123.46
2018-06-01,123.85,5746576,125.49,125.55,123.43
2018-06-04,122.26,5755571,124.53,125.41,122.17
2018-06-05,122.73,5672307,122.01,123.71,121.55
2018-06-06,123.38,6192781,123.12,123.69,122.06
2018-06-07,126.96,8607052,124.54,127.98,124.41
2018-06-08,126.44,5103068,127.12,127.38,125.68
2018-06-11,127.56,6071138,126.77,128.19,125.86
2018-06-12,127.08,4455762,127.64,128.38,126.33
2018-06-13,127.07,6130719,126.81,127.82,126.09
2018-06-14,126.51,5022086,127.38,127.96,126.38
2018-06-15,124.04,13215610,127.1,127.12,123.84
2018-06-18,125.97,7705744,124.35,126.98,124.1
2018-06-19,125.54,5940997,124.32,125.89,123.875
2018-06-20,125.29,7980312,126.12,126.46,124.3
2018-06-21,122.59,7256287,124.5,124.59,122.16
2018-06-22,125.1,8911770,125.41,126.569,124.82
2018-06-25,122.61,5797958,124.43,124.64,121.93
2018-06-26,124.16,4585249,123.03,124.61,122.57
2018-06-27,126,6330340,125.15,127.42,125.06
2018-06-28,125.66,3811894,126.54,126.86,124.995
2018-06-29,126.43,5669674,125.74,127.73,125.74
2018-07-02,124.25,5069075,125.28,125.29,123.561
2018-07-03,124.73,3919561,125.46,126.69,124.55
2018-07-05,123.98,4973099,126.11,126.25,123.82
2018-07-06,124.14,4019858,123.52,124.515,123.1861
2018-07-09,125.99,3928265,125,126.28,124.69
2018-07-10,127.59,5087827,127.33,128.51,126.75
2018-07-11,123.52,6372538,126.23,126.68,122.965
2018-07-12,124.26,3744324,124.44,124.95,123.59
2018-07-13,124.04,3352685,124.2,124.88,123.63
2018-07-16,122.98,4314790,123.01,123.88,121.88
2018-07-17,121.91,4122598,122.36,122.9552,121.8
2018-07-18,121.53,6012474,121.24,121.67,119.67
2018-07-19,121.67,4462296,121.1,122.14,121.01
2018-07-20,122.27,5394730,121.25,122.35,121.01
2018-07-23,121.33,5355372,122.35,123.07,121.16
2018-07-24,123.85,4423381,121.87,124.16,121.86
2018-07-25,124.9,4278188,123.62,125.23,123.2725
2018-07-26,123.95,5539359,124.7,125.38,123.8
2018-07-27,125.97,7580925,122.79,127.04,122.08
2018-07-30,127.83,5728455,126.76,128.41,126.22
2018-07-31,126.27,5893773,128,128.55,126.13
2018-08-01,125.39,4660934,125.31,125.92,124.745
2018-08-02,123.76,4637100,124.44,124.81,123.3
2018-08-03,124.05,5299399,124.15,124.25,123.3315
2018-08-06,124.3,4455635,124.42,124.94,123.542
2018-08-07,125.18,4541967,125.54,125.7,124.75
2018-08-08,123.88,5955168,124.52,124.79,123.315
2018-08-09,122.53,5217054,123.96,124.37,122.26
2018-08-10,123.34,6126472,122.17,123.52,121.5
2018-08-13,122.44,4360024,123.31,123.6765,122.2626
2018-08-14,122.58,3621275,122.92,123.65,122
2018-08-15,117.94,9474619,121.7,121.73,117.43
2018-08-16,117.66,5454124,117.7,118.31,117.18
2018-08-17,117.8,6109506,118.15,118.58,117.091
2018-08-20,117.75,5393835,118,118.32,117.33
2018-08-21,117.94,4812127,118.375,118.93,117.79
2018-08-22,118.92,3636205,118.54,119.4569,118.42
2018-08-23,118.1,3830987,118.39,118.82,117.7
2018-08-24,119.01,4376654,118.9,119.54,118.72
2018-08-27,120.35,3899405,119.36,120.48,119.17
2018-08-28,119.86,4685672,120.6,121.34,119.75
2018-08-29,120.22,4099562,120,120.83,119.88
2018-08-30,119.81,3294180,120.08,120.43,119.55
2018-08-31,118.46,5283902,119.4,119.4,118.09
2018-09-04,118.87,4531937,118.93,119.63,118.345
2018-09-05,118.92,4618617,118.06,118.94,117.26
2018-09-06,115.23,8184735,117.89,118.51,115.135
2018-09-07,114.6,6577462,114.52,115.35,113.39
2018-09-10,114.48,5753186,115.43,115.72,114.38
2018-09-11,115.02,5571773,114.34,115.74,113.76
2018-09-12,115.79,5060153,116.42,117.49,115.76
2018-09-13,116.3,6031560,116.01,116.52,115.08
2018-09-14,117.38,4867487,116.43,117.61,116.35
2018-09-17,117.51,4830391,117.61,118.68,117.275
2018-09-18,118.13,4858016,118.5,118.9,117.98
2018-09-19,119.51,4855304,118.33,120.04,118.12
2018-09-20,119.42,5804508,120.19,121.32,119.11
2018-09-21,121.13,13490690,119.91,121.255,119.41
2018-09-24,122.62,6534130,121.91,122.98,121.57
2018-09-25,123.37,4772238,123.5,124.24,122.94
2018-09-26,121.95,4192750,122.99,123.42,121.74
2018-09-27,122.47,4480796,122.16,123,121.71
2018-09-28,122.28,4407028,121.99,123.21,121.76
2018-10-01,124.39,5342202,123.11,124.88,123.11
2018-10-02,124.74,5144022,125.07,125.76,124.32
2018-10-03,125.31,4479441,125.13,125.8435,124.78
2018-10-04,124.95,4234429,124.79,125.59,124.19
2018-10-05,125.33,4311493,124.93,125.9,124.74
2018-10-08,124.84,5680992,124.05,125.46,123.83
2018-10-09,126.82,6797089,125.51,127.44,125.07
2018-10-10,122.6,6425709,127.23,127.6,122.46
2018-10-11,118.43,8534620,122.43,122.43,117.54
2018-10-12,117.77,7239909,119.53,119.68,116.18
2018-10-15,116.94,5529843,117.7,118.86,116.91
2018-10-16,117.51,4720335,117.09,117.68,116.34
2018-10-17,117.29,6269072,117.21,117.69,116.02
2018-10-18,117.47,7027253,117.42,118.14,116.05
2018-10-19,118.14,7781802,117.37,119.26,117.37
2018-10-22,117.21,5578168,118.1,118.49,116.48
2018-10-23,113.4,7836361,115.72,115.72,112.05
2018-10-24,110.21,7993225,113.72,114.175,110.07
2018-10-25,111.58,5704425,111.36,113.4,110.43
2018-10-26,111.53,8026154,110.63,112.47,109.6591
2018-10-29,108.93,8566382,112.04,112.07,107.54
2018-10-30,110.85,7506203,109.62,111.15,108.15
2018-10-31,111.65,7383328,111.71,112.5,111.05
2018-11-01,111.17,10413950,111.765,111.99,110.1
2018-11-02,114.73,9687521,114.85,117.11,113.12
2018-11-05,118.94,8012931,116.62,119.67,116.6
2018-11-06,118.9,5272611,118.76,119.43,117.85
2018-11-07,120.87,4848776,120,121.12,119.02
2018-11-08,119.36,9260078,120.65,121.87,118.96
2018-11-09,119.51,6563191,118.22,120.37,117.37
2018-11-12,117.39,10540220,120.9,121.37,117.17
2018-11-13,115.35,6824463,117.3,117.88,115.04
2018-11-14,115.72,6775918,116.88,117.79,114.94
2018-11-15,116.95,7218113,113.66,117.08,112.72
2018-11-16,119.06,6628212,117.5,119.27,117.27
2018-11-19,119.42,5306416,118.14,119.48,117.9
2018-11-20,116.1,7982544,119.24,119.5,115.035
2018-11-21,117.57,5618213,116.68,119.19,116.68
2018-11-23,113.6,5577753,114.7,115.22,112.11
2018-11-26,114.98,6495560,114.6,115.44,114.02
2018-11-27,115.21,6338717,114.55,115.66,114.22
2018-11-28,118.14,6772473,114.98,118.28,114.4
2018-11-29,118.85,6417830,117.95,119.73,117.74
2018-11-30,118.94,6712226,118.05,119.21,117.7
2018-12-03,120.67,8153325,120.77,122.43,120.06
2018-12-04,117.24,8137417,120.6,121.09,117.065
2018-12-06,115.91,10443930,115.34,116.14,113.03
2018-12-07,115.49,8767674,117.59,119.7,115.19
2018-12-10,114.94,7674344,115.3,115.96,111.67
2018-12-11,115.47,5760974,116.26,116.62,113.95
2018-12-12,115.62,7847101,117.11,117.72,115.57
2018-12-13,115.94,6443080,115.15,116.32,114.31
2018-12-14,113.83,6195357,115.01,115.81,113.31
2018-12-17,112.45,7118558,113.44,114.97,111.86
2018-12-18,109.74,9328869,112.63,113.24,108.95
2018-12-19,107.83,10438180,109.91,111.99,107.1022
2018-12-20,104.98,11483270,106.81,108.07,104.19
2018-12-21,104.21,19737460,103.62,106.94,102.91
2018-12-24,100.99,5619505,103.3,104.15,100.91
2018-12-26,107.39,10708710,101.85,107.39,100.22
2018-12-27,109.32,10049730,105.47,109.33,104.88
2018-12-28,108.65,6298856,109.65,110.36,108.12
2018-12-31,108.79,6304283,109.15,110.24,107.8567
2019-01-02,110.69,6244619,107.34,111.68,107.1
2019-01-03,108.57,6359771,111.055,111.29,108.07
2019-01-04,110.82,7337280,110.28,110.99,109.47
2019-01-07,112.26,5636092,111.06,112.93,109.92
2019-01-08,111.77,5470533,113.4,113.79,111.67
2019-01-09,113.27,7091167,112.69,114,112.45
2019-01-10,113.45,6019012,112.51,113.63,111.71
2019-01-11,112.54,4466148,113,113.05,111.67
2019-01-14,111.72,6105019,111.34,112.34,111.08
2019-01-15,112.12,4210307,111.98,113.07,111.51
2019-01-16,111.4,5539515,111.43,112.32,111.22
2019-01-17,111.96,4406916,110.75,112.2934,110.17
2019-01-18,114.37,9367855,113.99,114.65,113.06
2019-01-22,112.34,7205223,113.12,113.45,111.95
2019-01-23,111.39,5856476,112.38,112.6725,110.42
2019-01-24,113.51,8468886,111.03,113.82,110.91
2019-01-25,113.22,6261825,114.06,114.78,112.99
2019-01-28,112.17,6750654,111.91,112.57,111.07
2019-01-29,111.83,5358659,113.03,113.35,111.77
2019-01-30,113.01,7925936,112.53,113.65,111.98
2019-01-31,114.65,11203990,113.8,115.41,113.38
2019-02-01,118.37,10918270,116.65,119.25,116.6
2019-02-04,119.74,7932733,117.5,119.75,116.31
2019-02-05,119.48,5915116,119.62,119.86,118.69
2019-02-06,118.88,4990326,119,119.59,118.6907
2019-02-07,118.23,7281882,118.01,118.51,116.51
2019-02-08,117.58,5670614,117.74,117.89,115.92
2019-02-11,116.95,4858537,116.93,117.36,116.39
2019-02-12,118.72,5399716,118.33,118.87,117.61
2019-02-13,119.57,5932827,119.16,120.39,118.6989
2019-02-14,118.16,5406427,118.37,119.53,117.66
2019-02-15,119.35,6150781,119.62,119.86,118.5901
2019-02-19,119.31,4277802,118.9,119.86,118.46
2019-02-20,120.28,5940487,119.31,120.72,119
2019-02-21,119.14,4971552,120.07,120.32,118.39
2019-02-22,119.39,4517619,120.28,120.46,118.85
2019-02-25,119.62,5196485,119.41,120.42,119.37
2019-02-26,119.94,5445647,119.81,120.97,119.68
2019-02-27,120.08,5289818,120.29,121.29,119.89
2019-02-28,119.58,6393743,120,120.16,118.49
2019-03-01,122.03,7730203,120.39,122.04,120.17
2019-03-04,122.12,7486241,122.67,122.84,120.55
2019-03-05,123.29,6980380,121.87,123.35,121.59
2019-03-06,123.53,7599939,123.17,124.7,122.2999
2019-03-07,121.94,7198775,123.42,123.5,121.7
2019-03-08,121.62,7014052,120.1,121.93,119.2
2019-03-11,123.62,6088551,122.87,124.2,122.75
2019-03-12,123.9,6180985,123.84,124.96,123.38
2019-03-13,124.67,4701992,124.6,124.93,123.9
2019-03-14,124.6,5146400,124.76,125.46,124.48
2019-03-15,125.31,10449710,124.59,125.42,124.35
2019-03-18,125.88,5586896,125.21,126.13,125.17
2019-03-19,125.28,4766559,126.56,126.92,124.74
2019-03-20,124.69,6702976,125.04,126.34,124.68
2019-03-21,125.86,5050436,124.87,125.96,124.51
2019-03-22,123.09,5784506,124.85,124.9,122.7
2019-03-25,122.89,3837471,122.93,123.35,122.31
2019-03-26,124.13,4079813,123.77,124.91,123.38
2019-03-27,122.79,3698967,123.98,124.48,122.0174
2019-03-28,123.02,4057723,122.6,123.16,122.36
2019-03-29,123.18,5318643,124.28,124.47,122.49
2019-04-01,124.94,5236645,123.87,125.27,123.45
2019-04-02,124.93,4349192,125.2,125.44,124.11
2019-04-03,123.89,3595240,125.22,125.35,123.54
2019-04-04,124.8,3715379,124.01,124.83,123.55
2019-04-05,126.42,5544771,125.25,126.64,125.2
2019-04-08,126.68,5483079,126.77,127.34,126.23
2019-04-09,125.54,4143392,126.29,126.29,125.12
2019-04-10,125.49,3946833,126.14,126.565,125.13
2019-04-11,125.99,3247619,125.34,126.255,124.75
2019-04-12,119.76,42686640,121.58,122,119
2019-04-15,120.14,13364150,120.02,121.02,119.33
2019-04-16,121.17,11942220,120.43,121.32,120.06
2019-04-17,120.27,11897320,122.2,122.54,120.05
2019-04-18,119.86,9482216,120.52,120.82,119.1
2019-04-22,121.9,7939836,120.78,122.01,120.45
2019-04-23,122.02,9011036,121.73,122.28,121.349
2019-04-24,118.28,22110050,121.35,121.43,118.09
2019-04-25,117.9,10630710,118.05,118.7,117.4001
2019-04-26,117.1,11622050,118.4,118.5,115.65
2019-04-29,117.72,9401188,117.01,118.11,116.7
2019-04-30,120.06,21431090,121.1,121.92,119.65
2019-05-01,117.81,10096980,119.8,120.14,117.76
2019-05-02,116.38,9495613,117.28,118.475,116.28
2019-05-03,117.27,7365249,117.69,118.545,117.11
2019-05-06,118.4,11034970,117.5,119.84,117.47
2019-05-07,118.27,9165204,117.3,118.27,116.5
2019-05-08,117.5,6229243,118.37,118.48,117.4
2019-05-09,121.19,16496310,121.12,122.32,119.86
2019-05-10,121.99,8787875,121.17,122.2702,119.83
2019-05-13,120.44,7701636,121.91,122.26,120.01
2019-05-14,121.64,6858533,120.67,122.25,120.51
2019-05-15,122.14,6944993,121.2,122.49,120.87
2019-05-16,120.8,8543586,120.99,121.55,120.53
2019-05-17,120.52,6871127,120.06,121.11,119.8789
2019-05-20,120.84,4569653,120.71,121.21,120.54
2019-05-21,121.34,4859604,121.03,121.94,120.9
2019-05-22,120.57,5763543,120.9,121.435,120.34
2019-05-23,117.87,11000550,118.81,118.87,116.86
2019-05-24,118.71,4890961,118.3,118.93,117.38
2019-05-28,118.31,8145135,118.88,119.32,118.165
2019-05-29,116.77,7451292,117.04,117.36,115.82
2019-05-30,115.38,5807929,116.54,116.74,114.8462
2019-05-31,113.85,6899828,114.22,115.2,113.72
2019-06-03,115.99,6100999,114.7,116.1,114.47
2019-06-04,117.3,5235579,116.6,117.68,116.29
2019-06-05,117.65,5105963,117.87,118.03,116.27
2019-06-06,120.68,7370113,118.21,121.155,118.11
2019-06-07,121.48,5343190,120.74,122.12,120.53
2019-06-10,122.29,5709092,122.2,122.755,121.71
2019-06-11,121.17,5625125,123.37,123.5,121.15
2019-06-12,120.19,4000338,120.38,120.58,119.56
2019-06-13,120.91,3993325,121.24,121.89,120.46
2019-06-14,120.81,3366761,121,121.16,120.37
2019-06-17,121.39,4219234,120.72,121.84,120.38
2019-06-18,122.93,4884267,121.95,123.87,121.86
2019-06-19,122.89,3847197,122.51,123.48,122.22
2019-06-20,124.28,7771684,124.31,124.7,123.6
2019-06-21,124.93,14288290,124.8,126.2,124.23
2019-06-24,124.91,5542896,124.54,125.38,124.42
2019-06-25,123.64,4713274,124.84,125.11,123.488
2019-06-26,123.93,5054819,124.57,124.88,123.88
2019-06-27,123.11,3551739,123.92,124.2,122.89
2019-06-28,124.44,7048346,123.41,124.48,123.12
2019-07-01,124.84,5530085,125.36,125.84,124.3632
2019-07-02,122.93,5747705,124.55,124.72,122.39
2019-07-03,123.35,2725825,122.93,123.37,122.33
2019-07-05,123.54,3458858,123.14,123.74,122.64
2019-07-08,123.6,3505550,123.66,124.09,123.42
2019-07-09,123.35,3955783,123.9,124.14,123.07
2019-07-10,125.44,4743523,124.11,125.62,124.11
2019-07-11,125.43,3547996,125.68,125.68,124.6046
2019-07-12,125.98,3974367,125.38,126.25,125.13
2019-07-15,125.72,3739153,126.06,126.4,125.27
2019-07-16,124.76,4697588,125.5,125.78,124.26
2019-07-17,124.14,3874162,124.66,125.28,124.06
2019-07-18,124.68,5771087,124.12,125.05,123.36
2019-07-19,125.04,4880927,124.68,125.4099,124.595
2019-07-22,125.31,3275914,125.37,125.75,124.47
2019-07-23,125.82,4295348,125.24,126.22,124.78
2019-07-24,126.54,4796904,125.87,126.935,125.66
2019-07-25,125.63,4586893,127,127,125.33
2019-07-26,123.72,6971727,125.24,125.25,123.3
2019-07-29,124.23,4377506,123.48,124.64,123.3782
2019-07-30,124.34,3871650,124.1,124.75,123.38
2019-07-31,123.11,7199533,123.71,124.69,122.48
2019-08-01,120.74,7928446,122,123.75,120.305
2019-08-02,120.73,9026153,121.78,122.54,117.83
2019-08-05,118.74,8620322,119.19,120.55,117.4521
2019-08-06,119.38,6787997,118.72,119.53,117.65
2019-08-07,119.1,6853666,117.55,119.795,116.95
2019-08-08,123.23,8868104,119.49,123.33,119.42
2019-08-09,122.42,5051682,123.11,123.89,121.89
2019-08-12,121.55,3936487,123.01,123.14,120.91
2019-08-13,122.39,5861403,121.01,122.7,120.3
2019-08-14,117.74,7175641,120.02,120.59,117.68
2019-08-15,116.95,6272565,117.24,117.84,115.46
2019-08-16,115.81,6239146,116.4,116.65,115.36
2019-08-19,117.31,6443998,117.13,117.8156,116.96
2019-08-20,116.13,5150919,117.13,117.19,115.66
2019-08-21,117.88,4579027,117.79,118.221,117.3337
2019-08-22,117.73,4363874,118.66,118.74,117.45
2019-08-23,115.18,7654485,116.48,118.055,114.35
2019-08-26,115.74,3966997,115.92,116.22,115.19
2019-08-27,115.83,4238458,116.27,117.03,115.04
2019-08-28,116.83,4159470,116.41,117.195,115.88
2019-08-29,117.52,4467261,117.19,117.8437,116.58
2019-08-30,117.72,4881118,117.98,118.98,117.23
2019-09-03,116.27,5672646,115.77,116.33,114.55
2019-09-04,117.25,4609783,117.48,118.54,117.165
2019-09-05,117.64,5394831,118.01,119.07,117.26
2019-09-06,118.26,4578529,117.5,118.44,117.39
2019-09-09,119.39,5048049,118.74,119.63,118.58
2019-09-10,121.85,8728963,120.23,123.29,119.9133
2019-09-11,121.28,5509530,122.21,122.98,120.37
2019-09-12,121.42,5818261,120.04,122.18,119.56
2019-09-13,121.5,4885391,122.25,122.32,121.24
2019-09-16,124.12,10683890,124.86,125.27,122.97
2019-09-17,123.89,7359582,124.12,124.62,122.56
2019-09-18,124.18,4867422,123.55,124.21,123.02
2019-09-19,123.66,4061169,124.77,124.97,123.42
2019-09-20,124.32,10524620,124,124.82,123.67
2019-09-23,124.9,4963444,123.55,125,123.55
2019-09-24,123.74,6348519,124.67,124.72,123.22
2019-09-25,123.51,3782066,123.48,124.15,122.91
2019-09-26,120.16,8148230,123.26,123.5,120.05
2019-09-27,118.6,6850689,119.51,120.25,118.45
2019-09-30,118.6,6233315,118.54,119.42,118.41
2019-10-01,116.01,7204647,119.27,119.46,115.88
2019-10-02,112.29,9943708,115.06,115.11,111.62
2019-10-03,113.15,5671810,112.06,113.1917,110.4217
2019-10-04,113.85,4883879,113.6,114,112.55
2019-10-07,113.26,4774379,113.96,114.7471,113.23
2019-10-08,111.71,6067852,112.11,112.7524,111.61
2019-10-09,113.14,4700468,112.59,114.51,112.3
2019-10-10,114.59,3920110,113.53,114.79,113.3
2019-10-11,116.15,5181691,115.69,117.03,115.36
2019-10-14,116.18,2590041,115.58,116.3933,115.45
2019-10-15,116.31,3744171,115.85,117.62,115.8
2019-10-16,115.11,3651748,116.23,116.6605,115.08
2019-10-17,115.35,3837822,115.61,116.06,114.92
2019-10-18,114.74,5679872,115.14,115.58,114.74
2019-10-21,116.61,4153612,115.55,116.75,115.55
2019-10-22,117.8,4130577,116.63,118.56,116.49
2019-10-23,117.98,4159941,117.4,118.02,116.78
2019-10-24,117.58,3893194,118.47,118.81,117.31
2019-10-25,118.67,3369139,117.77,118.85,117.69
2019-10-28,118.48,5076294,119.08,119.51,117.64
2019-10-29,118.13,4548403,117.97,119.07,117.69
2019-10-30,116.36,4690892,118.18,118.18,115.52
2019-10-31,116.14,7177681,115.86,116.36,115.32
2019-11-01,116.21,7684675,115.49,116.6228,114.02
2019-11-04,121.57,10348760,117.23,121.87,117.02
2019-11-05,121.94,6971221,121.23,122.45,120.72
2019-11-06,119.9,6104748,121.94,122.14,119.8
2019-11-07,121.89,5440991,121.13,122,120.3235
2019-11-08,120.93,4249822,120.97,121.2,120.16
2019-11-11,120.81,3870833,120.2,121.39,120.01
2019-11-12,120.96,4503638,121.29,122.05,120.4801
2019-11-13,122.28,5297573,120.46,122.41,120.37
2019-11-14,121.96,4886604,121.85,122.94,121.4
2019-11-15,120.64,5589793,121.22,121.39,120.11
2019-11-18,118.55,4885671,119.82,120,118.14
2019-11-19,116.45,8727280,118.5,118.8,116.08
2019-11-20,117.34,5903205,116.41,118.08,116.12
2019-11-21,118.77,5810888,117.61,118.95,117.2
2019-11-22,118.63,4786806,119.06,119.7,118.6
2019-11-25,118.38,7389988,118.43,119.22,117.98
2019-11-26,117.79,10061280,118.34,118.56,117.2
2019-11-27,118.07,4107005,117.99,118.605,117.62
2019-11-29,117.13,3271027,117.28,117.82,116.88
2019-12-02,116.8,5196809,117.98,118.07,116.72
2019-12-03,115.89,7298088,116.2,116.7,115.7
2019-12-04,116.94,5706769,116.64,117.3,116.43
2019-12-05,116.33,5517564,117.62,117.74,116.19
2019-12-06,118.01,6735556,117.09,119.29,116.98
2019-12-09,117.3,4831761,116.52,117.89,116.44
2019-12-10,117.89,4889002,118.03,118.09,117.05
2019-12-11,116.23,7039707,117.09,117.66,116.13
2019-12-12,118.81,6465087,116.59,118.89,116.59
2019-12-13,117.96,4863504,119.05,119.54,117.9
2019-12-16,119.36,5619466,118.86,119.47,118.61
2019-12-17,118.6,6755700,119.59,119.89,118.33
2019-12-18,118.55,7498375,118.68,119.64,118.52
2019-12-19,118.13,6220500,118.57,118.74,117.86
2019-12-20,119.68,12171140,119.4,119.94,118.09
2019-12-23,120.33,5875420,119.31,120.4,119.15
2019-12-24,120.34,1640120,120.43,120.78,120.09
2019-12-26,120.6,3648636,120.67,121.42,120.34
2019-12-27,120.3,4138405,120.89,121.29,120.24
2019-12-30,119.85,4580992,120.44,121.34,119.8132
2019-12-31,120.51,4215863,119.5,120.63,119.25
2020-01-02,121.43,5206097,120.81,121.625,120.77
2020-01-03,121.01,6361072,121.78,122.72,120.74
2020-01-06,120.6,9954869,121.24,121.67,120.33
2020-01-07,119.06,7878579,119.02,119.7261,117.77
2020-01-08,117.7,7296959,118.55,119.09,117.65
2020-01-09,117.51,7345531,117.59,117.9222,116.18
2020-01-10,116.44,6395375,117.52,117.69,116.4
2020-01-13,116.66,6847425,116.47,116.9103,116.08
2020-01-14,116.3,7189962,116.5,116.88,115.705
2020-01-15,116.13,5808777,116.3,116.405,115.65
2020-01-16,116.89,7022062,116.56,117.28,116.45
2020-01-17,115.58,7886182,117.01,117.29,115.52
2020-01-21,113.31,8470283,115.1,115.15,113.17
2020-01-22,112.9,5589906,113.1,113.53,112.46
2020-01-23,113.1,8008141,112.4,113.49,111.86
2020-01-24,111.85,6920000,112.79,112.98,111.3401
2020-01-27,110.39,7609831,110.25,110.83,109.98
2020-01-28,111.12,5771944,110.98,111.62,110.77
2020-01-29,110.37,4774222,111.45,111.84,110.18
2020-01-30,111.4,8382674,109.81,111.58,109.06
2020-01-31,107.14,13699560,109.81,110,106.395
2020-02-03,106.28,8787504,106.95,107.25,105.4001
2020-02-04,106.85,9908995,107.68,108.335,106.6
2020-02-05,110.28,6914137,108.27,110.65,108.11
2020-02-06,109.49,6273983,110.63,110.67,109.11
2020-02-07,108.94,4830071,108.93,109.44,108.47
2020-02-10,109.79,6011806,108.54,109.8,108.32
2020-02-11,111.21,6072847,110.78,111.37,110.0616
2020-02-12,112.04,5725669,112.51,112.6,111.61
2020-02-13,111.66,5991856,111.37,112.33,111.23
2020-02-14,110.08,5148798,110.84,110.97,109.58
2020-02-18,110.24,4976370,109,110.27,108.8318
2020-02-19,110.74,5887511,110.52,111.0958,109.89
2020-02-20,109.81,4466591,110.78,111.07,109.7
2020-02-21,109.01,6443864,108.99,109.19,107.65
2020-02-24,104.71,9539778,105.71,106.96,104.42
2020-02-25,100.71,12871890,104.8,104.92,100
2020-02-26,98.04,11991400,100.86,101.61,98
2020-02-27,94.13,15783660,95.95,98.2,94.08
2020-02-28,93.34,20840550,90.63,93.44,90.11
2020-03-02,96.59,15050800,94.02,96.68,92.205
2020-03-03,94.39,16525470,96.79,98.48,93.3693
2020-03-04,98.53,14752950,96.37,99.02,95.67
2020-03-05,97.19,12814360,95.71,97.39,94.94
2020-03-06,95.32,16862300,93.92,96.06,93.42
2020-03-09,80.67,30595480,82.23,88.0099,80
2020-03-10,84.98,22592130,86.24,86.3,81.04
2020-03-11,83.03,18414340,82.23,84.84,81.75
2020-03-12,76.26,25768230,77.23,78.125,72.86
2020-03-13,83.42,23497510,79.98,83.5,74.11
2020-03-16,69.7,17535270,72.57,78.49,69.69
2020-03-17,70.69,22684250,70.4,72.984,65.4901
2020-03-18,55.05,24947290,66.21,66.23,54.5701
2020-03-19,57.39,29870980,55.26,58.49,51.6
2020-03-20,59.39,26960440,59.53,60.65,56.36
2020-03-23,54.22,23764030,58.26,59.4,52.97
2020-03-24,66.55,29198760,61.48,67.647,60.32
2020-03-25,69.27,22560120,68.29,73.14,66.64
2020-03-26,76.38,24140970,70.3,77.1,67.89
2020-03-27,68.78,20411490,72.12,73.54,68.5
2020-03-30,71.95,18486820,68.01,72.93,67.02
2020-03-31,72.46,18514180,73.27,75.04,70.81
2020-04-01,68.56,14362040,69.51,72.29,67.61
2020-04-02,76.12,23220620,71.75,78.7,69.575
2020-04-03,75.11,14905410,78,78.99,73.03
2020-04-06,80.39,17334920,77,80.95,75.51
2020-04-07,80.92,16394790,84.26,85.69,80.85
2020-04-08,85.98,12284850,82.29,86.3,81.52
2020-04-09,84.31,17048550,88.74,89.91,81.52
2020-04-13,84.91,13854680,87.18,87.36,83.4
2020-04-14,84.61,14797590,85.46,87.08,84.33
2020-04-15,82.49,13982300,80.46,83.38,79.32
2020-04-16,79.99,12291910,81.31,82.19,78.81
2020-04-17,87.17,16130080,81.33,87.5,81.32
2020-04-20,83.57,15748960,82.66,87,82.09
2020-04-21,81.64,19620570,80.28,83.79,79.25
2020-04-22,84.44,10325140,84.95,85.25,82.97
2020-04-23,86.8,14226540,86.3,88.78,85.39
2020-04-24,87.01,9176599,88.48,88.79,85.77
2020-04-27,89.71,12037130,86.75,90.62,85.87
2020-04-28,89.91,10645150,89.55,90.96,88.83
2020-04-29,94.62,12342820,92.48,95.14,92.29
2020-04-30,92,12221960,93.72,95.74,90.58
2020-05-01,89.44,13250100,91.51,92.05,87.04
2020-05-04,91.44,11192380,88.76,91.62,87.69
2020-05-05,92.89,13608720,94.5,95.3,92.68
2020-05-06,90.05,11145910,92.85,93.46,89.77
2020-05-07,92.64,9753495,92.98,94.06,91.91
2020-05-08,95.47,8602865,95,95.56,94.07
2020-05-11,93.37,7101040,94.21,94.6,93.18
2020-05-12,91.1,8749052,93.13,94.03,91
2020-05-13,88.7,12215070,89.9,90,87.32
2020-05-14,90.05,10678190,87.29,90.93,86.02
2020-05-15,89.16,10112970,90.65,92.06,88.83
2020-05-18,92.55,12306540,92.4,93.4,91.46
2020-05-19,89.62,7749265,92.53,92.631,89.53
2020-05-20,93,9160034,91,93.47,90.18
2020-05-21,92.04,8830887,92.77,93.37,91.28
2020-05-22,90.28,8563108,91.45,91.6,89.465
2020-05-26,93.3,9429980,92.49,94.34,92.03
2020-05-27,93.9,7822605,94.68,94.69,92.11
2020-05-28,90.87,9639423,93.61,93.9,90.79
2020-05-29,91.7,17016860,90.19,91.89,89.26
2020-06-01,92.79,7346296,90.94,93.85,90.11
2020-06-02,94.69,7880250,93.78,95.22,93.285
2020-06-03,97.18,8440203,95.97,97.73,95.75
2020-06-04,96.28,6371723,96.78,96.89,95.16
2020-06-05,100.81,12760130,99.08,102.05,99.05
2020-06-08,103.24,11090720,102.63,103.59,100.87
2020-06-09,101.53,10745360,100.7,102.93,99.83
2020-06-10,97.58,10486260,101,101.5,97.56
2020-06-11,89.37,14944810,92.3,94.19,89.12
2020-06-12,92.39,9532412,93.62,93.65,90.01
2020-06-15,91.23,12291460,89.09,92.08,88.21
2020-06-16,94.03,8734566,94.99,95.58,91.49
2020-06-17,91.54,6019869,93.83,94,91.5
2020-06-18,91.94,7064145,91,93.23,90.1
2020-06-19,90.63,14836560,94.41,94.41,90.55
2020-06-22,91.59,5939155,90.32,91.69,89.59
2020-06-23,91.44,6317713,92.5,93.09,91.175
2020-06-24,87.64,8974470,89.99,90.13,86.86
2020-06-25,89.21,7397991,87.31,89.51,87.16
2020-06-26,86.46,13766020,88.78,88.8299,86.18
2020-06-29,87.67,7022175,86.91,88.5717,86.6
2020-06-30,89.23,8263617,86.6,89.99,86.36
2020-07-01,87.62,6379402,89.28,90.77,87.55
2020-07-02,88.31,5832793,89.37,90.36,88.1601
2020-07-06,88.57,6747528,89.5,90.25,87.8151
2020-07-07,86.31,5898047,87.82,88.0799,86.15
2020-07-08,86.35,6735606,86.39,87.8002,85.89
2020-07-09,82.74,8833552,85.97,86.32,82.69
2020-07-10,85.23,6218141,82.5,85.42,82.5
2020-07-13,85.4,7074046,86.04,86.93,84.81
2020-07-14,88.35,7440538,85.39,88.6,85.0401
2020-07-15,88.89,5935206,90.18,90.19,88.21
2020-07-16,88.36,4795687,88.44,89.48,87.35
2020-07-17,87.19,5964361,88.41,89.11,86.91
2020-07-20,85.27,14974840,86.83,87.49,84.8
2020-07-21,91.39,15119310,86.47,91.725,86.36
2020-07-22,91.04,10317500,89.95,91.25,88.9
2020-07-23,91.01,6586339,90.5,91.38,90.02
2020-07-24,90.13,6620464,91.48,92.74,89.98
2020-07-27,91.04,7599982,89.76,91.09,88.8
2020-07-28,89.11,6787341,90.47,91.17,88.77
2020-07-29,90.07,6386853,89.48,90.08,88.5776
2020-07-30,86.27,10112780,88.43,88.495,85.7
2020-07-31,83.94,19120650,83.25,84.1,81.51
2020-08-03,84.81,11221850,83.98,85.14,83.8
2020-08-04,86.49,9077915,84.48,86.72,84.2808
2020-08-05,87.2,7352641,88.14,88.43,86.405
2020-08-06,87.47,7035584,86.43,87.9,86.1
2020-08-07,86.8,7185382,86.88,87.11,85.74
2020-08-10,89.73,8150225,87.94,89.76,87.6
2020-08-11,89.62,9074300,91.95,93.01,89.17
2020-08-12,90.72,9057971,90.8,91.66,89.45
2020-08-13,89.82,7314642,89.87,91.28,89.7623
2020-08-14,90.35,6343029,89,90.59,88.85
2020-08-17,90.77,10473810,90.35,91.58,89.72
2020-08-18,87.63,7981520,88.97,89.37,87.32
2020-08-19,86.39,9120256,87.3,87.9,86.2
2020-08-20,84.81,7872311,85.42,86.89,84.73
2020-08-21,85.08,9003629,84.67,85.09,83.51
2020-08-24,87.2,8738698,85.6,87.34,84.89
2020-08-25,86.13,6835813,88.01,88.04,85.76
2020-08-26,84.78,7486490,85.71,85.84,84.66
2020-08-27,84.91,7438151,85.16,85.63,83.97
2020-08-28,85.63,7307932,85.05,85.73,84.32
2020-08-31,83.93,9437524,85.83,85.9,83.87
2020-09-01,83.08,8997235,83.26,83.63,82.45
2020-09-02,83.19,10822330,83.06,83.96,82.7
2020-09-03,82.28,16179900,83.05,84.49,81.71
2020-09-04,81.93,10516600,82.46,83.635,80.9
2020-09-08,78.97,14942530,80.5,80.58,78.04
2020-09-09,80.03,9269820,79.97,81.07,79.68
2020-09-10,78.15,11845880,80.63,80.89,78.05
2020-09-11,77.69,13732410,78.24,78.69,77.065
2020-09-14,77.29,8182840,77.48,77.98,76.9199
2020-09-15,76.35,11732010,77.56,78.48,75.96
2020-09-16,78.56,13021740,76.35,79.48,75.96
2020-09-17,78.79,10515130,77.53,78.85,76.37
2020-09-18,78.21,14517790,77.88,79.15,77.5
2020-09-21,76.3,16199130,76.24,76.6522,74.68
2020-09-22,75.53,9154966,76.15,77.53,75.35
2020-09-23,71.95,16649190,75.59,75.91,71.85
2020-09-24,71.8,15203450,71.25,73.03,70.5
2020-09-25,71.83,11070520,71.01,72.48,70.77
2020-09-28,73.93,12863840,73.64,74.76,73.15
2020-09-29,71.9,10561320,74,74.14,71.11
2020-09-30,72,10466450,72.25,72.89,71.61
2020-10-01,70.42,14930680,71.51,71.88,70.03
2020-10-02,71.19,9854802,68.92,71.67,68.82
2020-10-05,72.7,12049810,71.52,72.73,70.71
2020-10-06,72.3,15294480,73.84,74.32,72.245
2020-10-07,73.78,15410310,72.17,73.92,71.56
2020-10-08,75.22,11590870,74.39,75.55,73.99
2020-10-09,74,12260870,75.86,76.09,73.98
2020-10-12,74.51,9056884,73.63,74.95,73.2
2020-10-13,73.4,10440260,74.74,74.74,72.78
2020-10-14,72.95,7058050,73.28,74.432,72.91
2020-10-15,73.51,10052930,71.815,73.72,71.39
2020-10-16,72.89,9305957,73.52,74.03,72.27
2020-10-19,71.28,8357059,73.11,73.34,71.19
2020-10-20,71.68,7753247,71.905,72.29,71.04
2020-10-21,70.87,9800575,71.13,71.5849,70.73
2020-10-22,73.4,9812735,70.88,73.49,70.57
2020-10-23,72.57,8727161,73.93,74.365,71.8266
2020-10-26,70.94,9710860,71.73,71.8899,70.24
2020-10-27,69.51,14251700,70.42,70.6,69.49
2020-10-28,66.88,15961850,67.695,68.08,66.325
2020-10-29,68.8,12292160,66.13,69.14,65.16
2020-10-30,69.5,17198460,69.9,70.11,68.08
2020-11-02,72.15,11475510,70.7,73.08,69.4
2020-11-03,71.74,8607953,73.16,73.3,71.05
2020-11-04,71.77,10925660,70.78,73.59,69.89
2020-11-05,72.14,10627730,71.895,72.97,71.76
2020-11-06,71.15,8366918,72.5,73.27,70.83
2020-11-09,79.4,24015180,80,84.27,78.26
2020-11-10,83.07,15039670,81.14,83.15,79.7063
2020-11-11,82.46,11640580,84.1,84.49,81.8
2020-11-12,80.67,8929433,80.98,82.24,79.905
2020-11-13,83.03,10898830,81.15,83.3482,81.03
2020-11-16,88.96,18980210,86.24,89.18,85.54
2020-11-17,87.04,14329010,86.4,87.53,84.83
2020-11-18,84.28,10583710,87.37,87.9,84.25
2020-11-19,85.73,8820183,83.545,85.96,83.06
2020-11-20,85.79,8296993,85.72,86.31,84.88
2020-11-23,91.03,13387120,87.45,91.58,86.76
2020-11-24,95.62,17266430,93.39,95.82,93
2020-11-25,92.14,10556560,94.68,94.68,92.14
2020-11-27,91.31,4627670,91.33,92.59,90.54
2020-11-30,87.18,14288410,90.01,90.85,86.9
2020-12-01,87.45,9915692,89.28,89.71,87.07
2020-12-02,89.87,10509610,87.26,91.31,87.1003
2020-12-03,89.8,8249758,90.58,91.11,89.07
2020-12-04,93.28,10791110,91.22,93.45,90.92
2020-12-07,90.76,9398377,91.82,92.38,89.88
2020-12-08,91.54,7627316,90.34,92.4623,90.1887
2020-12-09,90.44,11129430,92.2,93.02,89.37
2020-12-10,93.35,11992090,91.55,94.56,90.7756
2020-12-11,92.45,9584454,92.525,93.28,91.03
2020-12-14,89.44,12198390,93.4,93.7,89.24
2020-12-15,89.37,11782520,89.42,90.48,88.77
2020-12-16,88.69,9892928,89.2,89.35,87.85
2020-12-17,88.41,11748930,89.54,89.55,87.55
2020-12-18,87.19,27427610,87.98,88.71,86.26
2020-12-21,86.09,11430470,84.35,86.835,83.53
2020-12-22,84.36,8589973,85.44,85.8,84.3
2020-12-23,85.69,7223112,85,86.66,85
2020-12-24,85.33,3335646,85.93,85.93,84.81
2020-12-28,84.9,8051925,85.61,86.63,84.62
2020-12-29,84.61,7670818,85.26,85.7234,84.05
2020-12-30,85.33,7901846,84.61,86.575,84.54
2020-12-31,84.45,8350679,84.9,85.195,83.9601
2021-01-04,84.71,9234919,85.15,85.95,83.89
2021-01-05,87,13414800,85.49,89.22,85.32
2021-01-06,89.8,13916760,89,90.78,87.82
2021-01-07,90.22,9286622,90.39,90.82,89.305
2021-01-08,91.08,11152130,92.08,92.43,90.45
2021-01-11,91.6,10640790,89.12,92.1,88.57
2021-01-12,93.34,10923860,92.66,93.9209,91.71
2021-01-13,93.25,9723285,93.2,93.52,91.94
2021-01-14,95.49,13950230,93.94,96.315,93.79
2021-01-15,92.09,10244600,94.22,94.31,91.71
2021-01-19,94.51,9574755,93.5,95.03,93.29
2021-01-20,95.38,8735375,95,95.56,94.3002
2021-01-21,92.01,10395870,93.855,94.66,91.22
2021-01-22,91.73,7810638,90.4,92.03,89.83
2021-01-25,90.9,7689434,90.62,91.0271,89.33
2021-01-26,89.36,7827751,92.2,92.91,89.27
2021-01-27,88.2,10178500,87.53,90.35,86.745
2021-01-28,89.02,8155520,88.67,90.15,88.25
2021-01-29,85.2,14699840,86.83,87.34,84.92
2021-02-01,86.41,8073583,85.99,87.3,84.57
2021-02-02,87.06,9233059,88.01,88.37,86.53
2021-02-03,88.96,9256453,87.05,89.39,86.89
2021-02-04,89,7917645,89.51,89.65,87.945
2021-02-05,89.26,8017276,89.94,90.47,88.64
2021-02-08,91.48,9886579,90.29,92.04,90.01
2021-02-09,90.96,7605481,91.1,91.27,89.81
2021-02-10,92.52,8778844,91.38,92.59,90.6
2021-02-11,92.02,8572404,92.37,92.44,90.08
2021-02-12,92.55,7858297,91.53,92.73,91.35
2021-02-16,93.13,14005980,93.05,93.86,92.61
2021-02-17,95.92,14359910,95.42,96.72,94.2
2021-02-18,95,9037383,95.75,95.78,94.3
2021-02-19,95.8,8913854,95.13,96.38,94.65
2021-02-22,98.39,13178660,96.99,99.64,96.46
2021-02-23,99.63,14873980,99.97,100.16,96.8
2021-02-24,103.31,16115970,100.33,104.04,99.81
2021-02-25,102.35,13219200,104.9,104.96,101.59
2021-02-26,100,14454120,100.3,101.06,97.61
2021-03-01,102.05,10441460,102.46,103.8,101.4
2021-03-02,102.44,10643500,101.89,103.309,101.71
2021-03-03,103.59,14958190,103.41,105.75,103.4
2021-03-04,104.5,22994230,104.515,107.58,103.13
2021-03-05,109,23638180,106.96,109.13,106.15
2021-03-08,109.75,18033630,109.86,110.43,108.06
2021-03-09,109.5,19010710,109.07,110.69,107.88
2021-03-10,111.37,17389900,110.2,112.01,109.7
2021-03-11,111.19,10989460,111.65,112.55,110.89
2021-03-12,111.56,10930300,111.64,112.7,110.7205
2021-03-15,110.25,10490520,111.53,111.905,108.89
2021-03-16,107.64,11698410,108.53,108.88,107.08
2021-03-17,108.03,9168615,107.21,108.5582,106.6
2021-03-18,104.12,13246640,107.01,107.53,103.71
2021-03-19,103.38,18490990,103.94,104.89,102.74
2021-03-22,102.54,12508500,103.06,104.5,102.311
2021-03-23,101.97,14781720,101.45,104.3,100.69
2021-03-24,104.7,11026790,102.99,105.76,102.91
2021-03-25,105.07,11138160,102.85,105.26,102.07
2021-03-26,107.48,9820150,106.54,107.54,105.36
2021-03-29,106.92,7542327,106.4,107.53,105.7
2021-03-30,105.93,6284594,106.06,106.83,105.59
2021-03-31,104.79,8954377,105.55,106.22,104.6
2021-04-01,105.75,8515750,105.26,105.86,104.21
2021-04-05,104.51,8692709,105.73,105.83,104.17
2021-04-06,103.58,8125056,104.25,105.08,103.45
2021-04-07,104.19,7699316,103.47,104.57,103.26
2021-04-08,103.02,8282974,103.52,103.62,102.07
2021-04-09,102.92,7163742,103.12,103.68,102.1
2021-04-12,101.78,7845876,103.67,103.86,101.51
2021-04-13,102.24,6829891,101.56,102.6,101.29
2021-04-14,104.27,10194800,102.65,105.33,102.6
2021-04-15,103.42,7860544,104.01,104.2699,102.93
2021-04-16,102.96,7459703,103.8,104.36,102.43
2021-04-19,103.26,7068669,103.27,103.83,102.21
2021-04-20,101.33,9783782,102.83,102.99,100.51
2021-04-21,102.73,8264429,100.33,102.99,100.14
2021-04-22,100.95,9899395,102.87,102.87,100.87
2021-04-23,101.55,6763045,101.1,102.17,100.72
2021-04-26,101.52,5639736,101.27,102.67,101.26
2021-04-27,102.7,6898931,101.81,103.1,101.51
2021-04-28,105.22,8718443,103.54,105.8599,103.37
2021-04-29,106.9,9740270,106.42,107.65,105.75
2021-04-30,103.07,13729990,104.98,105.39,102.97
2021-05-03,105.53,7938125,103.98,105.72,103.22
2021-05-04,106.11,8704287,105.96,106.51,104.85
2021-05-05,108.96,7328139,107.09,109.54,106.82
2021-05-06,109.02,9654939,108.95,109.13,107.42
2021-05-07,110.02,10273020,108.09,110.6686,107.7
2021-05-10,109.57,13586540,111.44,113.11,109.52
2021-05-11,106.7,12754780,109.06,109.58,106.21
2021-05-12,107.37,11661880,107,110.15,106.72
2021-05-13,106.68,9712944,106.07,107.87,105.44
2021-05-14,109.47,9124095,107.8,109.82,107.8
2021-05-17,110.81,12656550,109.09,110.88,108.97
2021-05-18,106.18,12759860,108.94,109.06,105.97
2021-05-19,103.2,14762700,103.82,104.29,101.97
2021-05-20,103.56,9706329,103.07,104.07,101.97
2021-05-21,104.12,10352760,104.1,105.2,103.68
2021-05-24,105.6,6785616,104.95,105.835,104
2021-05-25,103.87,7883966,105.43,105.62,103.61
2021-05-26,104.12,9232351,104.52,104.9099,103.655
2021-05-27,103.01,11703370,104.12,104.91,102.57
2021-05-28,103.79,7278515,103.62,104.12,102.95
2021-06-01,106.65,10260600,105.3,107.43,105.3
2021-06-02,108.08,9141802,107.21,108.56,106.21
2021-06-03,107.59,8809345,107.56,108.09,106.56
2021-06-04,108.45,6699324,108.24,108.67,107.21
2021-06-07,107.75,6748624,108.37,108.7,107.57
2021-06-08,108.73,10559460,107.65,108.98,106.3
2021-06-09,107.78,10146880,109.06,109.53,107.65
2021-06-10,108.41,13526150,109.06,110.25,107.25
2021-06-11,107.91,7731720,108.84,108.97,107.86
2021-06-14,107.97,9051850,108.18,108.96,106.83
2021-06-15,110.3,10540240,108.41,110.48,108.39
2021-06-16,109.67,9283310,110.03,110.51,108.9
2021-06-17,107.07,14337760,109.24,109.9836,105.6225
2021-06-18,103.03,22284520,105.25,106.27,102.91
2021-06-21,106.05,13591480,104.1,106.435,103.93
2021-06-22,106.4,10230130,105.33,106.96,104.31
2021-06-23,106.27,7792775,107.36,108.13,106.23
2021-06-24,107.14,8724554,107.14,107.7766,106.36
2021-06-25,107.3,8102262,107.59,108.06,106.78
2021-06-28,103.99,11348400,106.95,107,103.66
2021-06-29,103.76,7225469,104.59,104.97,103.61
2021-06-30,104.74,7927453,103.84,104.88,103.72
2021-07-01,106.21,10873220,106.95,107.1,105.74
2021-07-02,106.07,7108866,105.7,106.4,105.04
2021-07-06,103.99,10162850,105.97,105.97,103.39
2021-07-07,102.93,8244985,103.96,104.9,102.12
2021-07-08,102.6,8695534,101.5,103.09,101.22
2021-07-09,104.07,8567930,103.46,104.23,102.36
2021-07-12,104.28,9898606,103.56,105.02,103.235
2021-07-13,103.93,6737964,104,104.58,103.22
2021-07-14,101.97,9216621,104.48,105.32,101.72
2021-07-15,101.3,9665662,101.05,102.25,100.85
2021-07-16,98.62,12199110,101.63,101.69,98.33
2021-07-19,95.96,17385520,95.82,96.95,94.52
2021-07-20,96.53,12114570,95.89,98.04,95.05
2021-07-21,99.82,11478150,97.98,100.4698,97.7
2021-07-22,98.82,7694255,99.4,99.41,97.89
2021-07-23,98.86,7570757,98.8,99.12,97.94
2021-07-26,100.95,10227460,99.46,101.26,99.44
2021-07-27,100.61,8332082,100.05,100.72,98.94
2021-07-28,101.18,8546112,100.9,101.81,100.28
2021-07-29,102.57,8681341,102.38,102.88,101.94
2021-07-30,101.81,12295290,103.06,104.05,100.765
2021-08-02,101.63,8911806,102.08,103.98,101.56
2021-08-03,102.6,8437326,101.59,102.91,100.67
2021-08-04,100.3,10389810,100.44,101.9,100.1
2021-08-05,101.23,7986071,100.94,102.43,100.67
2021-08-06,101.95,6475592,102.02,102.58,101.6
2021-08-09,100.25,9243086,100.91,101.38,99.93
2021-08-10,102.08,9762631,100.74,102.32,100.58
2021-08-11,102.85,7079767,102.04,102.97,101.6
2021-08-12,102.64,7378419,102.86,103.25,101.78
2021-08-13,101.96,6572623,102.23,102.54,101.64
2021-08-16,100.92,9479436,100.83,101.2,99.91
2021-08-17,100.73,10937470,100.2,101.68,99.63
2021-08-18,96.7,12893610,98.69,99.42,96.55
2021-08-19,94.29,17423360,94.81,95.31,92.86
2021-08-20,94.3,9707644,93.52,94.875,93.21
2021-08-23,96.73,10277760,96.09,97,96.06
2021-08-24,97.84,8924936,97.5,98.614,97.385
2021-08-25,98.51,9342304,97.22,98.72,96.72
2021-08-26,97.22,8124768,98.11,98.73,97.2
2021-08-27,98.64,10281180,98.14,99.46,98.05
2021-08-30,98.39,8127183,99.09,99.308,97.97
2021-08-31,96.77,15676850,98.14,98.41,96.64
2021-09-01,95.71,10557260,96.86,97.07,95.47
2021-09-02,97.71,12341250,96.64,98.385,96.55
2021-09-03,97.49,9099427,97.4,98.43,97.38
2021-09-07,97.06,9239168,97.02,97.975,96.74
2021-09-08,96.39,10775870,97.5,98.47,96.35
2021-09-09,96,10219380,95.89,97.62,95.35
2021-09-10,96.07,11005960,97.6,97.7,95.89
2021-09-13,97.97,11500860,97.21,98.7099,97.06
2021-09-14,96.2,15294110,98.38,98.74,95.98
2021-09-15,98.24,11623450,96.99,98.53,96.99
2021-09-16,97.32,10617020,98.32,98.59,96.91
2021-09-17,96.76,16008920,97.11,98.38,96.37
2021-09-20,94.78,15796140,94.64,95.25,93.31
2021-09-21,94.85,10958440,95.57,95.89,94.03
2021-09-22,97.64,13292800,96.24,98.78,96.24
2021-09-23,100.06,10094870,98.24,100.2662,97.75
2021-09-24,100.6,8225292,99.65,100.97,99.65
2021-09-27,102.97,12697520,102.59,103.78,102.59
2021-09-28,103.36,15560820,103.91,104.89,102.88
2021-09-29,103.33,10268050,103.21,104.24,102.34
2021-09-30,101.45,15324110,103.42,103.45,101.45
2021-10-01,104.33,10854910,102.215,104.54,101.88
2021-10-04,104.72,13305380,105,105.86,104.11
2021-10-05,105.86,13017310,106.04,107.77,105.42
2021-10-06,104.93,10630110,104.18,105.345,103.58
2021-10-07,105.68,8830858,105.61,106.3,105.215
2021-10-08,108.05,10586720,106.81,108.43,106.6
2021-10-11,107.13,9794816,109.56,109.63,106.9231
2021-10-12,107.15,9085018,106.99,107.58,106.17
2021-10-13,107.79,9221384,106.77,108.34,106.48
2021-10-14,108.81,7650588,108.88,109.16,108.11
2021-10-15,109.61,9968079,109.77,110.025,109.43
2021-10-18,109.56,10677440,110.22,110.41,108.955
2021-10-19,111.7,10362810,110.16,111.7,109.795
2021-10-20,113.16,10811370,111.09,113.17,110.78
2021-10-21,111.74,9372562,112.71,112.805,110.87
2021-10-22,112.8,8673794,112.22,112.88,111.45
2021-10-25,113.85,9579769,113.53,114.35,113.3011
2021-10-26,114.1,7463012,113.98,114.6,113.51
2021-10-27,112.07,9096093,113.22,113.58,111.65
2021-10-28,113.12,7538156,111.58,113.27,111.58
2021-10-29,114.49,15294240,114.83,115.29,113.15
2021-11-01,114.53,11213770,115.03,115.09,114.05
2021-11-02,113.83,9189727,114.18,114.19,113.21
2021-11-03,113.01,10415960,112.27,113.27,111.97
2021-11-04,113.51,9672950,114.22,114.26,112.91
2021-11-05,114.74,8102077,114.27,115.05,113.93
2021-11-08,115.15,7695949,115.09,115.99,114.69
2021-11-09,116,10945910,115.27,116.12,114.46
2021-11-10,114.15,10305100,115.76,116.21,113.66
2021-11-11,114.16,7317533,113.6,114.67,113.57
2021-11-12,114.23,8682840,113.8,114.305,113.59
2021-11-15,116.82,11050420,114.95,116.95,114.27
2021-11-16,117.28,10566260,117.11,118.08,116.86
2021-11-17,115.42,11108040,114.87,116.53,114.66
2021-11-18,114.45,8371422,114.85,115.38,113.41
2021-11-19,111.91,13538020,112.51,113.15,111.1
2021-11-22,113.91,9947752,112.02,115.1901,111.85
2021-11-23,116.3,10375090,115.19,116.84,115.06
2021-11-24,117.19,8500870,116.81,118,116.68
2021-11-26,114.51,11861780,113.35,114.83,112.63
2021-11-29,114.85,12003850,116.34,117.17,114.71
2021-11-30,112.87,24451190,113.45,115.86,112.44
2021-12-01,112.1,12308070,114.95,116.055,112.09
2021-12-02,115.14,11392390,113.25,115.7,111.93
2021-12-03,114.41,10445110,116.74,117,113.585
2021-12-06,116.2,9833881,115.96,117.45,115.05
2021-12-07,117.92,11419640,117.235,118.66,117.235
2021-12-08,118.45,8827850,118.39,119.26,117.66
2021-12-09,118.14,8334720,117.85,118.6,117.58
2021-12-10,118.34,9090712,118.93,119.2,116.87
2021-12-13,115.88,8533029,117.46,117.85,115.61
2021-12-14,116.22,12245290,115.74,116.915,115.47
2021-12-15,115.56,11069550,116.32,116.32,113.95
2021-12-16,116.64,11344670,116.19,118.1899,115.92
2021-12-17,113.6,22768790,115.92,116.46,113.53
2021-12-20,113.65,13464430,111.86,113.71,110.73
2021-12-21,115.47,11368240,114.43,116.07,114.29
2021-12-22,116.13,8345209,115.42,116.68,114.41
2021-12-23,116.41,7416618,116.51,117.92,116.4
2021-12-27,118.79,7746498,116.07,118.82,115.4101
2021-12-28,118.56,6516975,118.66,119.3401,118.035
2021-12-29,117.95,6957392,118.08,118.6461,117.29
2021-12-30,117.43,6015963,118.13,118.69,117.34
2021-12-31,117.35,5706571,117.38,118.09,117.13
2022-01-03,119.26,10721650,117.42,119.69,117.29
2022-01-04,121.43,16413080,119.95,121.98,119.66
2022-01-05,122.22,15487060,122.24,123.84,122.07
2022-01-06,123.26,13318510,123.62,124.32,121.64
2022-01-07,125.03,14164600,123.55,125.54,122.95
2022-01-10,125.11,12626140,125.15,125.69,123.86
2022-01-11,127.97,14608980,125.86,128,124.83
2022-01-12,127.33,12469170,127.99,128.4275,126.47
2022-01-13,126.8,9691264,127.14,128.1,126.45
2022-01-14,128.96,13281010,126.76,129.2,126.76
2022-01-18,129.38,12908560,129.69,130,127.87
2022-01-19,128.91,12064280,129.95,130.15,128.5369
2022-01-20,128.45,11370410,128.27,130.86,127.88
2022-01-21,126.91,13055710,127.76,128.4,126.229
2022-01-24,127.18,19532200,124.45,127.73,122.84
2022-01-25,132.59,19984520,127.12,132.74,125.27
2022-01-26,132.69,17266510,132.9,134.71,131.59
2022-01-27,135.37,20654130,134.45,137,133.59
2022-01-28,130.61,24817830,130,132.06,128.07
2022-01-31,131.33,16401780,130.19,131.8559,129.3301
2022-02-01,134.79,16169730,130.83,135.74,130.5144
2022-02-02,135.41,10906720,134.35,135.8,132.8
2022-02-03,134.2,9447690,134.85,135.35,133.19
2022-02-04,135.88,13034730,135.01,137,135.01
2022-02-07,138.55,18422550,135.34,139.43,134.83
2022-02-08,136.44,11021580,138.18,138.43,135.01
2022-02-09,137.79,10140780,136.715,138.34,136.1
2022-02-10,136.04,11012720,137.56,138.79,135.39
2022-02-11,138.81,12821230,136.86,139.44,136.28
2022-02-14,136.67,15944960,137.94,138.05,135.05
2022-02-15,134.26,11752000,133.08,134.84,132.18
2022-02-16,134.3,11348840,134.945,136.16,133.76
2022-02-17,133.61,10073940,134.17,134.583,132.45
2022-02-18,133.42,10691820,132.82,133.9087,132.05
2022-02-22,132.4,19428740,137,137,130.52
2022-02-23,135.55,16134240,132.93,136.08,132.56
2022-02-24,134.85,22108910,137.93,138.23,131.721
2022-02-25,140.38,28028030,135.96,140.5,135.43
2022-02-28,144,24394290,139.27,144,138.65
2022-03-01,149.72,31159890,145.01,149.96,144.7
2022-03-02,154.14,31329540,150.2,155.75,150.05
2022-03-03,156.22,22492890,152.26,157.12,151.75
2022-03-04,158.65,29053440,155.79,159.95,155.09
2022-03-07,162.04,34824670,159.9,162.1,155.72
2022-03-08,170.53,57231030,164.31,174,164.1
2022-03-09,166.27,43429990,162.77,169.77,161.2125
2022-03-10,170.82,34913610,168.74,174.76,168.29
2022-03-11,170.9,28423560,165.89,172.98,165.88
2022-03-14,166.72,25156190,166.21,168.35,164.3009
2022-03-15,158.28,28534400,159.114,160.189,155.26
2022-03-16,157.71,22299740,158.79,160.5,156.21
2022-03-17,160.44,15750670,159.95,160.99,157.92
2022-03-18,161.73,23214730,160.89,161.73,158.78
2022-03-21,164.64,13180560,163.02,165.58,162.72
2022-03-22,164.09,11063910,163.69,165.26,162.5804
2022-03-23,165.86,10755000,166,167.3463,164.94
2022-03-24,166.3,9024821,166.43,167.4001,165
2022-03-25,169.31,10258280,165.22,169.69,165.16
2022-03-28,166.35,9992000,165.9,166.63,165.13
2022-03-29,164.32,15102590,163.51,164.48,160.5
2022-03-30,165.48,9905997,165.24,166.35,163.66
2022-03-31,162.83,10395920,163.47,166.16,162.72
2022-04-01,164.22,8795255,162.78,165.95,162.33
2022-04-04,164.37,8723834,165,165.45,163
2022-04-05,163.36,9538219,165.03,167.7228,163.1
2022-04-06,164.81,9268988,164.83,167.01,164.33
2022-04-07,167.1,8018385,165.1,167.7,163.42
2022-04-08,169.93,10801180,167.05,171.095,167.02
2022-04-11,165.56,10206070,168.57,168.78,164.9101
2022-04-12,169.01,9528372,168.97,172.68,168.15
2022-04-13,171.67,7330690,170.93,172.08,168.29
2022-04-14,171.59,9421052,170.69,172.94,170.56
2022-04-18,173.89,7639045,173,174.54,171.87
2022-04-19,171.83,6970194,173.08,173.685,171.03
2022-04-20,172.53,7494950,171.62,173.58,171.4632
2022-04-21,164.58,14594790,171.74,172.44,163.83
2022-04-22,160.95,12160120,164.38,165.47,160.86
2022-04-25,157.49,15449850,155.73,158.36,151.36
2022-04-26,156.53,9810595,158.82,160.37,156.39
2022-04-27,156.24,10396640,157.08,157.92,154.52
2022-04-28,161.79,9366444,157.45,163,154.93
2022-04-29,156.67,14713220,161.28,162.44,156.29
2022-05-02,159.75,11559040,156.31,160,155.15
2022-05-03,162.49,8827214,159.57,163.43,159.26
2022-05-04,167.59,9183248,164.97,167.89,163.47
2022-05-05,166.26,9807618,169.26,169.5,162.65
2022-05-06,170.69,10418070,168.27,170.97,165.42
2022-05-09,159.25,14110670,167.75,167.75,158.475
2022-05-10,160.78,11635990,162.21,164.19,157.87
2022-05-11,163.16,9105510,163.58,167.46,162.51
2022-05-12,164.71,8936447,163.22,164.85,158.86
2022-05-13,167.87,9229903,166.5,168.79,164.88
2022-05-16,173.01,13296290,169,174.97,168.855
2022-05-17,174.03,12827570,174.84,175.65,172.61
2022-05-18,168.06,13107480,174.12,174.13,165.79
2022-05-19,166.86,10958660,164.63,169.635,162.83
2022-05-20,167.82,9615014,168.88,171.04,164.09
2022-05-23,171.72,10216370,169.43,172.96,169.11
2022-05-24,172.64,9782746,170.69,173.58,169.81
2022-05-25,175.41,10174490,173.14,175.99,172.97
2022-05-26,176.59,11213900,176.49,177.93,175.01
2022-05-27,178.28,10512290,176.52,178.35,175.69
2022-05-31,174.66,20547570,179.96,180.96,173.47
2022-06-01,176.32,8824083,176.73,178.13,174.94
2022-06-02,176,7441942,174.74,176.51,174.1
2022-06-03,177.6,8435276,176,178.25,176
2022-06-06,176.83,6734222,177.9,178,175.5103
2022-06-07,180.2,9668277,177.47,180.66,176.92
2022-06-08,181.13,8715219,180.95,182.4,180.25
2022-06-09,177.52,9767334,180.03,180.64,177.39
2022-06-10,175.4,9531887,176.37,178.57,173.65
2022-06-13,167.33,14614910,171.61,172,164.06
2022-06-14,167.55,10269310,169.37,172.29,165.84
2022-06-15,164.26,11565260,166.78,167.85,161.94
2022-06-16,155.48,18125950,159.94,160.54,153.75
2022-06-17,148.38,35575070,154.88,155.47,145.79
2022-06-21,154.59,13771960,152.05,156.02,151.44
2022-06-22,147.87,13746270,148.07,150.8,146.33
2022-06-23,142.43,15713650,148.79,149.23,140.15
2022-06-24,144.77,11108280,145.2,147.09,142.6
2022-06-27,147.57,9242394,145.86,148.82,145.6
2022-06-28,149.94,9188157,150.88,152.185,148.11
2022-06-29,146.98,9082908,151.63,152.11,146.09
2022-06-30,144.78,10684990,144.55,147.92,143.41
2022-07-01,146.51,7684648,146.6,146.96,142.47
2022-07-05,142.66,11518340,143.65,144.54,139.41
2022-07-06,140.78,12421180,141.66,143.26,136.8
2022-07-07,143.52,12741790,144.1,145.3,143.08
2022-07-08,142.77,7915513,144.88,145.45,141.09
2022-07-11,141.51,7058086,141.91,142.8455,139.93
2022-07-12,138.92,8653904,138.5,139.62,137.26
2022-07-13,137.99,9414621,137.61,140.725,137.14
2022-07-14,135.94,10150200,134.31,136.16,132.54
2022-07-15,137.65,7051940,138.96,138.96,136.43
2022-07-18,139.58,7943901,140.56,142.14,139.08
2022-07-19,144.61,9152131,139.69,145.01,139.42
2022-07-20,146.52,7856587,144.5,147.26,143.32
2022-07-21,145.4,6724233,143.12,145.47,141.5
2022-07-22,144.19,5889480,145.56,146.3,143.42
2022-07-25,148.48,6210859,145.7,148.61,144.18
2022-07-26,147.32,6112846,149.5,150.68,146.5301
2022-07-27,149.26,6223030,148.34,150.2,146.66
2022-07-28,150.39,6574257,150.69,151.47,148.03
2022-07-29,163.78,17143670,156.545,164.66,155.9
2022-08-01,160.51,8017771,161.18,161.86,159.15
2022-08-02,159.14,5928321,160.89,161.47,158.3
2022-08-03,155.36,8751360,159.31,159.96,154.35
2022-08-04,151.14,10640040,155.32,155.44,150.725
2022-08-05,153.64,7170150,149.64,155.01,149.02
2022-08-08,153.41,5971746,153.59,154.98,153.1524
2022-08-09,155.41,5842157,155.94,157.8,154.6
2022-08-10,155.82,6145793,156,156.47,152.93
2022-08-11,159.62,7888554,158.11,161.16,157.62
2022-08-12,159.85,7244736,158.25,159.91,157.14
2022-08-15,156.81,8975241,155.18,157.79,153.44
2022-08-16,156.41,7218400,157.41,157.92,155.82
2022-08-17,157.7,6741052,156.63,159.3406,155.51
2022-08-18,159.02,6477525,157.15,159.66,157.09
2022-08-19,157.69,6834151,158.46,159.74,157.62
2022-08-22,156.9,9146956,156.69,157.74,154.42
2022-08-23,161.99,10354810,159.1,162.34,158.71
2022-08-24,163.19,9468086,161.66,163.35,160.67
2022-08-25,164.62,8050712,163.92,164.9,162.61
2022-08-26,163.41,7765789,164.18,166.13,162.46
2022-08-29,164.63,8462554,163.89,166.83,163.64
2022-08-30,160.62,8814325,162.32,162.56,158.76
2022-08-31,158.06,13582720,157.61,161.41,156.15
2022-09-01,155.54,8244374,156.48,156.88,153.2275
2022-09-02,157.85,7526632,158.24,159.125,156.72
2022-09-06,157.12,8550015,159.89,159.99,155.71
2022-09-07,155.11,9442085,154.06,155.82,152.62
2022-09-08,155.95,9232512,155.59,156.38,153.38
2022-09-09,159.97,8262324,158.41,160.65,157.53
2022-09-12,162.5,8920774,162.81,164.53,161.25
2022-09-13,159.41,10308250,161.41,162.66,158.74
2022-09-14,163.27,11160780,160.94,163.57,160.345
2022-09-15,160.62,9664953,160.68,161.695,159.58
2022-09-16,156.45,43741590,160.52,161.14,155.61
2022-09-19,156.9,6813836,152.93,156.95,152.8
2022-09-20,156.28,8955194,156.04,156.85,154.3438
2022-09-21,155.01,6876977,158.31,158.78,154.95
2022-09-22,154.89,6981135,157.6,158.28,154.74
2022-09-23,144.77,13919660,149.75,150.18,143.66
2022-09-26,140.96,9443962,143.57,145.05,140.89
2022-09-27,141.02,10121030,142.29,143.77,140.46
2022-09-28,145.78,8279791,142.08,146.44,141.4
2022-09-29,144.77,8197558,144.505,145.4114,142.27
2022-09-30,143.67,9402735,144.03,145.135,142.4901
2022-10-03,151.73,9597434,148.97,152.34,148.3
2022-10-04,157.63,9520192,154.43,157.875,153.63
2022-10-05,158.53,10633060,155.84,159.73,154.8
2022-10-06,161.42,9498285,157.34,161.94,157.2
2022-10-07,160.03,9972528,162.51,163.93,159.06
2022-10-10,157.14,5904458,161,161.47,156.44
2022-10-11,157.17,7533526,154.75,159.93,154.11
2022-10-12,157.64,4942040,156.14,158.8058,155.52
2022-10-13,165.28,10227530,156.35,165.99,156.35
2022-10-14,160.14,7330891,164.04,165.46,159.93
2022-10-17,161.31,5890355,163.29,164.91,161.1
2022-10-18,162.72,5631214,162.36,163.31,158.96
2022-10-19,168,9766782,163.59,169.21,163.59
2022-10-20,168.96,8871544,169.3,171.82,167.94
2022-10-21,173.19,7971263,169.15,173.84,168.85
2022-10-24,173.13,7007718,172.08,174.67,171.61
2022-10-25,174.93,7280616,173.06,175,172.1668
2022-10-26,177.09,6867398,175.32,178.48,175.17
2022-10-27,177.9,9177445,179.89,181.4,177.48
2022-10-28,179.98,10773910,181.47,182.86,176.53
2022-10-31,180.9,13281030,178.06,183.84,178.06
2022-11-01,182.22,9185616,183.87,184.5,181.9
2022-11-02,178.5,8095097,180.93,182.9,178.27
2022-11-03,181.13,6607761,177.97,182.19,177.41
2022-11-04,183.42,7491859,184.84,185.4,180.6
2022-11-07,185.61,7577990,182.5,186.38,182.11
2022-11-08,185.34,6308242,185.32,186.25,183.861
2022-11-09,177.93,8021724,183.61,183.81,177.22
2022-11-10,181.3,6981533,182.23,182.33,178.04
2022-11-11,186.46,8428326,184.05,187.1,183.89
2022-11-14,186.55,9722363,186.31,189.68,186.18
2022-11-15,188.05,7747319,187.12,188.435,185.27
2022-11-16,184.99,7941075,186.535,187.8152,183.675
2022-11-17,184.09,6553224,181.51,184.23,180.27
2022-11-18,182.99,7661469,180.96,183.41,179.65
2022-11-21,181.24,8432869,179.73,181.7,175.82
2022-11-22,185.89,9017994,183.75,186.56,183.08
2022-11-23,184.24,5831218,183.21,185.15,182.58
2022-11-25,183.7,2796407,184.89,185.3,183.31
2022-11-28,178.36,9367156,180.28,181.47,177.96
2022-11-29,181.03,6985359,180.26,181.85,179.65
2022-11-30,183.31,10936710,182.85,183.34,179.62
2022-12-01,182.49,5217378,184.26,184.55,181.44
2022-12-02,181.03,6852304,181.53,183.63,179.925
2022-12-05,176.56,8162195,182.67,182.95,174.63
2022-12-06,172.01,8764989,175.51,178.06,171.1204
2022-12-07,172.52,6936345,171.06,174.5834,170.85
2022-12-08,173.54,8076601,176.25,176.4,172.03
2022-12-09,168,10754280,172.3,173.19,167.93
2022-12-12,169.75,9364900,168.93,170.52,167.71
2022-12-13,173.53,7838780,173.57,174.455,172.48
2022-12-14,172.33,7045514,174.49,174.92,171.265
2022-12-15,171.04,7273274,170.6,171.3724,168.055
2022-12-16,168.72,23876040,168.53,170.15,167.1
2022-12-19,169.88,7131563,170.11,170.82,168.25
2022-12-20,172.67,6199128,169.81,173.29,169.6
2022-12-21,174.7,5479426,175.19,175.96,173.16
2022-12-22,172.08,5756793,175.16,175.21,168.3305
2022-12-23,177.4,6079120,174.1,177.58,173.69
2022-12-27,179.63,5167962,178.36,180.23,177.4
2022-12-28,176.98,4494350,178.86,179.2981,175.93
2022-12-29,178.32,4142090,176.65,179.2,176.65
2022-12-30,179.49,5005094,178.03,179.95,177.7
2023-01-03,173.99,7565431,178.04,179,171.51
2023-01-04,172.14,7684494,170.95,174.29,170.85
2023-01-05,175.24,6088214,171.5,176.19,171.24
2023-01-06,176.56,7191222,177.02,179.39,175.7
2023-01-09,175.18,8385636,178.26,178.3299,174.3806
2023-01-10,176.04,8307049,176.4,176.71,173.72
2023-01-11,175.2,6962580,177.89,178.14,174.3
2023-01-12,177.08,6891351,175.99,178.37,175.9
2023-01-13,177.56,5726331,177.09,177.99,175.68
2023-01-17,180.49,10697750,178.44,181.32,178.18
2023-01-18,177.23,8899185,180.82,182.38,176.94
2023-01-19,179,5907163,176.61,179.95,176.16
2023-01-20,180.9,10477910,178.81,181.36,177.52
2023-01-23,180.66,8381315,181.21,182.5455,180.03
2023-01-24,180.83,5988995,181.09,182,178.7
2023-01-25,179.08,6727512,179.29,180.03,176.35
2023-01-26,187.79,14307820,184.99,187.81,183.48
2023-01-27,179.45,19654690,184.23,184.23,177.915
2023-01-30,174.2,11476040,178,178.34,173.67
2023-01-31,174.02,14481280,172.75,174.63,171.42
2023-02-01,171.36,11526400,173.31,173.66,169.54
2023-02-02,169.01,10463350,171.13,171.43,166.82
2023-02-03,169.45,8404871,169.86,171.5477,168.49
2023-02-06,169.64,7659492,169.56,170.12,167.37
2023-02-07,174.09,10256500,170.065,174.39,169.61
2023-02-08,170,9784725,172.48,174.0686,169.465
2023-02-09,168.44,10123360,170.23,170.66,168
2023-02-10,171.97,11602390,170.8,172.73,170.78
2023-02-13,171.01,9442889,171.32,171.9,169.77
2023-02-14,172.32,8077335,170.48,173.51,169.98
2023-02-15,169.01,8888908,169.4,169.5238,167.5
2023-02-16,166.57,6727542,168.19,168.66,166.4
2023-02-17,162.85,9612107,164.73,164.84,161.85
2023-02-21,161,7259738,162.18,163.7497,160.7
2023-02-22,160.35,6205935,160.28,161.66,158.91
2023-02-23,161.93,6445523,162.25,162.84,160.56
2023-02-24,162.41,5330180,160.77,162.6,159.15
2023-02-27,162.82,6386760,163.01,163.37,161.92
2023-02-28,160.77,10854230,164.32,164.32,160.28
2023-03-01,162.05,7470391,160.92,163.59,160.59
2023-03-02,162.56,5582097,161.98,163.49,161.5901
2023-03-03,164.96,6007546,160.87,165.58,160.42
2023-03-06,166.17,7703600,164.34,166.8,163.81
2023-03-07,164.03,7392967,165.7,166.6,163.58
2023-03-08,162.99,5435819,163.23,165.29,161.38
2023-03-09,160.51,6214745,163.79,165.49,160.19
2023-03-10,159.67,7385803,160.94,164.67,158.67
2023-03-13,158.71,10106130,156.44,160.95,153.8
2023-03-14,160.76,10035190,158.26,164.02,157.88
2023-03-15,153.8,14063140,155.59,157.95,152.01
2023-03-16,154.29,12852170,150.16,155.465,149.91
2023-03-17,152.34,33161770,153.62,155.38,150.6
2023-03-20,154.58,8461413,151.74,155.78,151.29
2023-03-21,159.31,9753541,157.16,159.57,156.47
2023-03-22,156.07,6314994,159.87,160.06,155.93
2023-03-23,154.52,7859437,157.02,158.755,153.14
2023-03-24,156.06,6601923,152.1,156.65,151.83
2023-03-27,157.65,7006768,157.4,158.48,155.69
2023-03-28,159.49,5605382,157.28,160.19,156.68
2023-03-29,160.86,7569727,160.62,161.32,159.3348
2023-03-30,162.39,6322353,162.25,163.01,161.58
2023-03-31,163.16,7041436,162.7,163.72,162.15
2023-04-03,169.95,12868170,169.8,171.1,168.92
2023-04-04,169.04,7521448,171.14,171.14,167.72
2023-04-05,169.88,6478114,169.26,170.44,167.74
2023-04-06,167.65,5803168,169.345,169.41,167.13
2023-04-10,168.29,5923503,168.49,169.675,167.31
2023-04-11,169.22,5469592,169.065,170.34,168.07
2023-04-12,169.82,6157875,170.45,171.12,169.47
2023-04-13,172.09,6856568,170.25,172.47,169.82
2023-04-14,172.44,4930721,172.5,172.88,171.22
2023-04-17,170.92,7005985,172.39,172.54,170.22
2023-04-18,170.52,8045627,170.82,172.39,170.125
2023-04-19,170.68,5506770,169.46,170.74,169.095
2023-04-20,169.85,5851104,168.76,170.06,168.02
2023-04-21,169.12,7179013,169.83,170.59,168.84
2023-04-24,171.48,7177576,169.1,172.38,168.58
2023-04-25,168.99,5807244,170.32,170.4,168.43
2023-04-26,165.98,5927431,168.21,168.95,165.23
2023-04-27,166.95,6417225,166.43,167.3866,165.07
2023-04-28,168.58,10036290,164.5,168.94,164.05
2023-05-01,167.24,6099800,167.71,168.73,166.36
2023-05-02,160.04,10701670,165.32,165.38,158.45
2023-05-03,156.83,7538057,158.15,159.57,156.74
2023-05-04,156.22,7500368,157.11,158.1999,155.42
2023-05-05,160.21,5801986,159.3,161.12,158.78
2023-05-08,159.58,5028202,161.57,162.3,159.52
2023-05-09,159.12,5019809,158.11,160.415,157.9125
2023-05-10,157.09,6161227,160.44,160.44,155.881
2023-05-11,156.22,6666132,155.38,156.32,153.89
2023-05-12,156.62,4898904,157,157.93,155.56
2023-05-15,157.2,5096748,157.23,158.1629,156.23
2023-05-16,153.51,7009079,156.48,157.02,153.3289
2023-05-17,155.71,6169555,154.785,156.42,153.96
2023-05-18,154.01,7477698,152.87,154.24,151.53
2023-05-19,155.23,8100946,154.89,156.44,153.985
2023-05-22,152.44,11660950,153.79,154.83,152.09
2023-05-23,156.85,10436210,154.14,157.6795,153.84
2023-05-24,157.27,7063999,157.95,158.57,156.29
2023-05-25,154.56,7037671,154.68,155.625,153.5
2023-05-26,154.08,7736203,155.29,155.63,153.46
2023-05-30,153.12,7814766,151.67,153.26,151.21
2023-05-31,150.62,13346440,151.544,152.4201,150.36
2023-06-01,152.16,9887729,151.3,153.74,149.74
2023-06-02,156.26,9464262,154.58,156.75,153.61
2023-06-05,155.51,6443842,158.45,157.89,155.24
2023-06-06,155.79,6176434,153.33,156.16,153.2
2023-06-07,159.83,9900022,156.55,160.21,156.5
2023-06-08,159.24,7142908,160.16,160.49,157.09
2023-06-09,158.86,6669832,159.28,160.39,158.62
2023-06-12,157.33,7162092,157.06,159.3275,156.23
2023-06-13,158.51,7660771,158.52,160.58,158.27
2023-06-14,157.09,7721057,159.98,160.77,156.145
2023-06-15,158.28,7705434,157.32,159.79,157.32
2023-06-16,157.26,22875220,158.57,159.24,157.26
2023-06-20,153.68,10443230,156.15,156.57,152.24
2023-06-21,154.88,7328152,152.67,155.96,152.5
2023-06-22,152.64,7089588,153.35,153.585,151.974
2023-06-23,151.35,15172660,151.01,151.7,150.13
2023-06-26,154.01,7371817,151.62,154.97,151.54
2023-06-27,153.53,6581662,153.5,154.71,152.8192
2023-06-28,154.92,5773828,153.44,155.02,152.19
2023-06-29,156.24,5633479,155.43,156.27,154.44
2023-06-30,157.35,6346777,157.46,157.92,156.605
2023-07-03,157.21,3272586,157.18,158.1,156.7
2023-07-05,156.31,6320294,157.7,157.7,155.12
2023-07-06,152.88,9206088,155.195,155.83,151.63
2023-07-07,154.22,6602217,152.14,155.99,151.96
2023-07-10,155.25,5167916,153.93,155.79,153.92
2023-07-11,158.12,5061517,156,158.405,155.66
2023-07-12,159.64,6463957,159.22,160.34,158.33
2023-07-13,157.51,8143855,159.84,160.6,156.57
2023-07-14,153.58,7065664,157.01,157.02,153.3
2023-07-17,153.44,4353317,153.35,154.14,152.64
2023-07-18,153.75,6798680,152.67,156.07,152.37
2023-07-19,154.69,5653115,153.83,155.7787,153.28
2023-07-20,156.4,5866574,156.16,157.19,155.71
2023-07-21,158.69,8760132,157.53,158.83,157.0595
2023-07-24,161.82,9722057,160.47,164.04,160.01
2023-07-25,162.56,6767564,161.91,163.51,160.66
2023-07-26,161.34,6056366,160.88,162.086,160.55
2023-07-27,159.66,6470137,162.09,162.47,159.22
2023-07-28,158.87,6546464,158.41,159,156.51
2023-07-31,163.66,13062490,161.13,163.9771,160.62
2023-08-01,162.3,7534939,163.64,163.64,160.5525
2023-08-02,159.73,7071269,161.17,161.22,158.06
2023-08-03,159.67,6682224,159.91,161.7,158.855
2023-08-04,159.31,10185370,160.66,163.02,159.04
2023-08-07,159.89,13927390,161.01,161.38,159.08
2023-08-08,159.65,6451267,157.94,159.79,156.22
2023-08-09,159.86,10531480,160.86,161.44,159.31
2023-08-10,160.83,8647064,160.33,162.4799,159.6188
2023-08-11,164.15,6682611,160.5,164.17,160.18
2023-08-14,164.03,6060083,163.77,164.25,162.6101
2023-08-15,159.24,7876471,163.4,163.41,159.1
2023-08-16,158.63,7920458,160.52,161.83,158.47
2023-08-17,159.75,8270458,159.18,162.14,158.97
2023-08-18,160.9,5999190,158.38,161.32,158.16
2023-08-21,160.36,6802337,161.2,162.07,159.45
2023-08-22,159.04,6081658,160.49,161.25,158.97
2023-08-23,159.25,4975570,158.14,159.405,156.7
2023-08-24,157.94,5989609,157.73,159.89,157.56
2023-08-25,159.12,5291847,159.07,159.91,157.645
2023-08-28,160.21,4386082,159.53,161.8,159.215
2023-08-29,159.96,5374765,160.91,160.95,159.1
2023-08-30,160.18,5534892,160.59,161.25,159.93
2023-08-31,161.1,7003681,161.01,161.24,159.93
2023-09-01,164.3,6663003,162.64,164.69,162.64
2023-09-05,166.46,9755844,165.28,167.56,165.2
2023-09-06,166.63,7195549,166.28,167.4387,165.58
2023-09-07,166.64,7925879,167.14,167.9,166.28
2023-09-08,167.21,7435923,167.42,168.489,166.705
2023-09-11,163.76,7155050,168.08,168.59,162.87
2023-09-12,166.81,7521146,165.3,167.19,165.1
2023-09-13,166.2,5759464,167.405,167.75,165.58
2023-09-14,167.23,8822822,167.7,168.5,167.1192
2023-09-15,166.5,17439740,166.21,168.37,165.88
2023-09-18,167.22,7027558,167.87,168.36,166.4
2023-09-19,167.2,6617029,168.69,168.96,166.425
2023-09-20,166.69,5942108,167.07,168.51,166.6
2023-09-21,165.19,7150432,167.12,167.87,165.05
2023-09-22,166.28,5965497,166.23,167.42,165.94
2023-09-25,168.71,5509956,166.33,168.78,165.99
2023-09-26,167.8,5659200,167.44,168.41,166.98
2023-09-27,171.04,9124395,169.37,171.23,168.81
2023-09-28,170.59,7151760,170.55,171.7,169.43
2023-09-29,168.62,7396096,170.49,170.5,167.82
2023-10-02,166.54,6839611,168.34,168.57,165.23
2023-10-03,166.93,6168626,165.92,167.36,165.51
2023-10-04,163.04,9664693,164.7,164.98,161.49
2023-10-05,163.9,8073048,161.42,164.7537,161.39
2023-10-06,162.23,10190410,164.31,164.37,158.99
2023-10-09,166.72,8183490,166.38,168.19,164.95
2023-10-10,166.54,6512874,166.765,167.4,165.675
2023-10-11,161.1,12570720,165.07,165.08,160.48
2023-10-12,161.23,7396969,163.26,163.26,160.9
2023-10-13,164.06,8044677,163.41,164.84,162.3
2023-10-16,165.4,5445954,165.34,165.81,163.85
2023-10-17,167.59,7538316,164.83,168.2,164.65
2023-10-18,168.92,6893452,168.47,169.7,167.5817
2023-10-19,169.1,6580157,168.7,170.17,167.51
2023-10-20,166.83,7458286,168.41,169.1,166.095
2023-10-23,160.68,16232380,163.3,164.43,160.25
2023-10-24,156.65,17689940,160.89,161.08,156.47
2023-10-25,155.87,10502370,156.94,157.41,155.17
2023-10-26,154.75,10830420,155.01,155.18,153.63
2023-10-27,144.35,24524340,150.72,151.25,143.96
2023-10-30,146.09,13857150,145.66,146.44,144.32
2023-10-31,145.73,14261260,146.1,146.5178,144.23
2023-11-01,143.98,10819560,145.98,146.015,143.82
2023-11-02,148.76,11099080,144.54,148.9999,143.83
2023-11-03,147.61,13159990,148.3,148.56,146.15
2023-11-06,147,10634160,148.73,149.3299,146.69
2023-11-07,144.41,15054580,145.16,145.61,143.24
2023-11-08,142.4,12654140,143.88,144.65,142.25
2023-11-09,141.94,10359500,143.05,143.91,141.78
2023-11-10,142.95,11990410,143.29,143.44,141.73
2023-11-13,144,8747672,143.15,144.3,142.85
2023-11-14,145.05,11224350,144.48,145.5,143.86
2023-11-15,145.56,10052080,144.86,146.64,144.41
2023-11-16,141.77,14031350,143.02,143.51,140.74
2023-11-17,144.46,11077900,142.95,145.185,142.4
2023-11-20,144.38,8064012,144.63,145.69,144.27
2023-11-21,144.04,6783311,143.83,144.3,142.7
2023-11-22,144.33,7217065,141.74,144.39,140.72
2023-11-24,144.9,3861030,144.3,145.94,144.2
2023-11-27,144.36,9850831,144.65,144.82,142.85
2023-11-28,145.51,9746540,144.78,146.52,144.06
2023-11-29,143.91,16417140,146.39,146.49,143.06
2023-11-30,143.6,16275960,144.98,146.01,142.03
2023-12-01,144.81,11906550,143.49,146.505,142.6
2023-12-04,144.87,11842830,144,145.7,143.25
2023-12-05,142.86,9597632,144.76,145.07,142.63
2023-12-06,142.53,18079680,141.9,144.03,141.35
2023-12-07,142.42,14786740,143.51,144.01,140.99
2023-12-08,144.31,10821740,143.51,144.67,143.12
2023-12-11,144.35,9849572,144.84,145.4,143.82
2023-12-12,142.5,9863867,143.17,143.59,141.75
2023-12-13,144.61,10641320,142.17,144.68,141.65
2023-12-14,149.93,14960480,145.85,149.93,145.85
2023-12-15,149.35,30850870,147.32,149.82,147.32
2023-12-18,149.68,11561720,150.83,152.12,149.32
2023-12-19,151.64,8738146,149.96,151.83,149.49
2023-12-20,150.25,9369987,152.15,153.06,150.06
2023-12-21,150.71,7264662,150.78,150.8,149.22
2023-12-22,151.05,6396080,151.74,152.39,150.75
2023-12-26,152.41,5165588,152.07,153.01,151.9
2023-12-27,151.91,5337244,152.27,152.97,151.34
2023-12-28,149.77,8147993,151.18,152.02,149.4
2023-12-29,149.16,7658638,150.03,150.23,148.67
2024-01-02,149.48,8879710,149.985,151.475,149.24
2024-01-03,152.33,10255280,149.39,153.19,148.68
2024-01-04,150.66,8220280,153.66,154.35,150.59
2024-01-05,150.4,7455430,151.98,152.03,149.83
2024-01-08,149.5,10038190,148.42,149.695,146.58
2024-01-09,145.7,11784670,149.95,149.95,145.59
2024-01-10,144.5,8490407,146.02,146.02,144.11
2024-01-11,145.28,8612493,145.56,146.17,144.62
2024-01-12,147.27,9386923,147.83,148.5,146.17
2024-01-16,143.69,9380352,146.515,146.58,143.58
2024-01-17,143.12,8167002,142.42,144.02,142.04
2024-01-18,141.82,11187840,143,143.19,139.62
2024-01-19,142.24,11192460,141.73,142.25,141.01
2024-01-22,142.49,9184626,141.91,142.66,140.92
2024-01-23,142.09,6767179,141.985,143.33,141.9
2024-01-24,144.92,8100014,142.7,144.98,142.221
2024-01-25,148.57,9773620,146.22,148.69,145.225
2024-01-26,149.14,9151896,148.03,149.26,146.98
2024-01-29,149.08,10494820,149.09,149.22,147.11
2024-01-30,150.12,9902881,148.18,150.3056,147.71
2024-01-31,147.43,10427970,150.37,150.38,147.34
2024-02-01,147.89,8138669,148.19,149.02,146.52
2024-02-02,152.24,12839060,150.86,153.38,149.55
2024-02-05,152.33,8277776,151.62,153.51,150.7904
2024-02-06,152.35,6198841,152.5,153.54,151.81
2024-02-07,152.13,6252041,153.02,153.78,151.17
2024-02-08,154.06,9236968,151.95,154.3,151.65
2024-02-09,151.04,9194458,154.42,155.32,150.98
2024-02-12,152.08,6713003,151.62,152.6137,151.39
2024-02-13,150.6,6987058,152.62,153.07,149.605
2024-02-14,151.01,5995064,151.28,152.2,150.08
2024-02-15,154.46,8950304,149.91,155.09,149.67
2024-02-16,154.63,7570220,155.37,155.77,154.09
2024-02-20,154,6977945,155.47,155.61,153.83
2024-02-21,155.44,6630084,154.57,155.565,154.1
2024-02-22,155.43,8874924,154.82,156.625,153.83
2024-02-23,154.66,6561628,154.87,154.92,153.25
2024-02-26,154.45,6900801,154.54,155.55,153.83
2024-02-27,152.16,15093760,153.2,153.88,149.9
2024-02-28,152.34,6715861,152.358,153.86,151.78
2024-02-29,152.01,9334432,152.91,153.24,151.48
2024-03-01,152.81,7459056,153.05,154.3499,152.25
2024-03-04,148.88,12503150,152.5,152.59,147.67
2024-03-05,149.59,6985516,148.83,150.62,148.3
2024-03-06,148.33,14692140,150.83,152.41,148.14
2024-03-07,149.37,8739348,148.5,150.7495,148.45
2024-03-08,149.88,7528378,149.37,149.99,148.39
2024-03-11,152,7577064,150.5,152.08,149.59
2024-03-12,151.89,6432930,151.83,152.57,150.79
2024-03-13,153.89,8065649,153.24,154.88,153.15
2024-03-14,155.7,9047206,153.77,155.73,152.76
2024-03-15,155.55,20387160,155.19,157.04,154.42
2024-03-18,155.41,7242711,156.03,156.67,154.944
2024-03-19,156.62,7736723,155.3,156.84,155.01
2024-03-20,154.55,8449145,155.76,156.43,154.23
2024-03-21,154.86,7899084,154.95,155.69,154.41
2024-03-22,154.66,5974745,155.08,155.28,154.16
2024-03-25,156.47,6058745,155.48,157.31,155.27
2024-03-26,155.27,6677938,156.52,156.86,154.65
2024-03-27,156.35,7416870,154.87,156.44,154.85
2024-03-28,157.74,8331627,157.15,158.19,156.37
2024-04-01,159.08,6285717,158.27,159.5899,156.94
2024-04-02,159.78,8815351,160.05,161.22,159.02
2024-04-03,160.44,7819734,160.1,160.95,159.72
2024-04-04,160.69,9269716,160.8,161.95,159.82
2024-04-05,161.6,7432807,161.33,162.17,159.86
2024-04-08,161.27,7253196,161.65,162.501,160.33
2024-04-09,162,6577437,161.85,162.5316,160.46
2024-04-10,162.67,7525837,162.21,162.77,161.01
2024-04-11,161.89,7682512,163.62,163.62,159.8
2024-04-12,158.96,11071050,162.29,163.87,158.045
2024-04-15,157.59,7236857,159.94,160.4899,157.36
2024-04-16,156.28,5541895,157.3,157.81,155.42
2024-04-17,156.4,6733879,155.99,157.7099,155.64
2024-04-18,157.57,4979193,157.14,158.04,156.39
2024-04-19,160,7734654,158.75,160.75,158.1495
2024-04-22,161.92,6779221,159.95,162.7,158.4403
2024-04-23,162.85,5597617,161.31,162.85,160.6
2024-04-24,163.57,7610335,161.88,163.84,161.446
2024-04-25,165.28,9702581,163.7,165.6,162.67
2024-04-26,165.89,9736350,165.23,166.98,163.3
2024-04-29,166.33,6366752,165.91,167.11,164.69
2024-04-30,161.27,8457341,165.97,166.12,160.95
2024-05-01,159.63,7714962,160.78,161.45,158.9
2024-05-02,160.73,8597124,160.41,161.775,159.89
2024-05-03,160.25,11664510,160.66,160.66,157.04
2024-05-06,162.3,8430277,160.73,164.02,160.73
2024-05-07,162.67,6869948,162.31,163.15,162.02
2024-05-08,162.54,6706361,161.95,163.08,161.5367
2024-05-09,165.45,6683313,163.02,165.51,162.73
2024-05-10,165.82,5490944,166.04,166.42,165.0153
2024-05-13,164.53,6848303,166.48,166.91,162.98
2024-05-14,163.61,4923968,164.34,165.2,163.02
2024-05-15,163.05,7603063,163.13,163.8,160.17
2024-05-16,161.09,6409418,161.53,162,160.48
2024-05-17,162.67,5497919,161.75,162.9679,161.19
2024-05-20,161.14,4913820,162.72,163,161.075
2024-05-21,159.97,4783287,160.58,161.46,159.74
2024-05-22,157.57,6260509,159.52,159.52,156.52
2024-05-23,156.94,6718378,157.92,158.6,156.33
2024-05-24,157.75,4477720,158.08,158.97,157.3
2024-05-28,159.04,6928298,158.12,159.42,157.95
2024-05-29,156.9,5909632,158.02,158.49,156.44
2024-05-30,158.26,6371243,156.85,158.455,156.81
2024-05-31,162.3,10334230,158.63,162.58,158.51
2024-06-03,157.46,9009935,161.49,161.68,156.46
2024-06-04,156.13,6360542,155.72,156.35,154.11
2024-06-05,154.98,7058506,156.16,157.02,154.53
2024-06-06,155.93,5215140,154.5,156.02,153.39
2024-06-07,156.08,5887651,155.71,157.69,155.13
2024-06-10,156.74,7075943,156.41,158.2,156.32
2024-06-11,156.49,5132009,156.17,156.75,154.48
2024-06-12,154.22,10017420,157.49,157.625,152.4
2024-06-13,152.84,6163015,153.77,154.09,152.23
2024-06-14,152.57,6159138,153.13,153.295,151.97
2024-06-17,153.19,6321386,152.5,153.93,151.93
2024-06-18,153.33,6942882,153.55,155.95,152.84
2024-06-20,156.64,8336031,153.71,157.41,153.25
2024-06-21,155.28,21292090,156.8,157.665,155.22
2024-06-24,159.31,7971620,156.27,159.54,156.19
2024-06-25,158.46,6056711,159.12,159.36,157.67
2024-06-26,155.95,8637756,158.46,158.46,155.79
2024-06-27,156.32,5568733,156.7,156.94,155.635
2024-06-28,156.42,11283390,157.52,158.58,156.17
2024-07-01,156.52,5584116,157.16,158.7,155.98
2024-07-02,156.75,7216801,157.68,157.72,155.45
2024-07-03,156.71,3264196,156.94,157.74,156.5641
2024-07-05,154.31,6183056,156.55,156.55,153.68
2024-07-08,154.33,4990726,153.32,155.28,153.32
2024-07-09,152.98,5303129,153,154.76,152.3481
2024-07-10,155.13,5416594,152.5,155.44,152.3
2024-07-11,155.26,8323125,155,156.68,154.22
2024-07-12,155.59,6446316,156.16,156.44,154.56
2024-07-15,158.04,5661170,156.95,159.52,156.3705
2024-07-16,157.77,6924187,157.01,158.31,156.15
2024-07-17,161.23,7296622,158.5,161.48,158.29
2024-07-18,161.97,6577674,161.23,164.28,160.24
2024-07-19,159.15,6427723,162.48,162.7,158.41
2024-07-22,156.99,5577286,158.22,158.98,156.855
2024-07-23,154.09,6238721,156.35,156.5969,153.84
2024-07-24,155.07,5971731,154.69,155.7,153.42
2024-07-25,157.54,5432141,155.37,158.26,154.62
2024-07-26,157.84,5232519,157.73,159.04,157.06
2024-07-29,156.6,5071988,158.25,158.25,154.86
2024-07-30,159.57,5740861,156.46,160.09,156.435
2024-07-31,160.47,6209200,161.69,161.69,160.05
2024-08-01,152.62,16689950,158.71,159.5,152.03
2024-08-02,148.55,13278620,151.13,152.04,147.02
2024-08-05,144.66,13037190,145.52,145.77,143.41
2024-08-06,143.23,9692659,144.49,145.09,143.12
2024-08-07,142.41,8867862,144.58,145.725,142.28
2024-08-08,144.49,7531112,143.075,144.82,142.71
2024-08-09,144.99,7653053,144.21,146.11,143.19
2024-08-12,145.02,8442174,145.84,146.7381,139.69
2024-08-13,144.15,7794816,144.08,144.55,143.05
2024-08-14,144.67,5874216,144.39,145.24,143.43
2024-08-15,146.8,6304232,145.59,147.52,145.48
2024-08-16,147.27,6874416,146.05,147.62,145.64
2024-08-19,146.83,5967406,146.01,147.73,145.89
2024-08-20,144.69,7497606,146.33,146.51,144.56
2024-08-21,145.32,5984993,145.43,146.64,144.55
2024-08-22,145.73,4026998,145.35,146.3343,145.13
2024-08-23,147.62,4824078,146.525,148.0937,146.3152
2024-08-26,148.5,5780289,148.97,150.09,147.55
2024-08-27,146.95,5099956,148.67,149.55,146.74
2024-08-28,146,5614416,146.44,147.14,145.48
2024-08-29,147.42,4466696,146.46,148.18,145.44
2024-08-30,147.95,6414755,146.22,148.08,145.7
2024-09-03,144.66,7944740,145.55,145.77,144.28
2024-09-04,142.07,9820730,144.64,145.5271,141.67
2024-09-05,140.93,9371051,143.17,143.17,140.6
2024-09-06,138.56,7836358,141.065,142.11,137.87
2024-09-09,140.3,9892347,138.635,142.02,138.54
2024-09-10,138.23,8202480,140.895,141.08,137.09
2024-09-11,137.88,9534010,138.21,138.4801,135.3672
2024-09-12,139.21,6593436,138.23,139.47,137.42
2024-09-13,140.61,5900747,139.87,141.53,139.7124
2024-09-16,142.09,6864275,141.69,143.165,141.065
2024-09-17,143.41,7338782,141.8,144.14,141.74
2024-09-18,143.96,6180252,143.32,145.6,143.19
2024-09-19,144.99,7247416,145.81,146.78,144.93
2024-09-20,145.68,23162860,145.23,145.91,143.44
2024-09-23,147.54,6960639,146.25,148.415,145.95
2024-09-24,147.45,6014208,148.88,149.1,146.91
2024-09-25,143.97,7888444,146.945,147.41,143.5
2024-09-26,141.99,8046171,140.9,143.22,140.63
2024-09-27,145.49,8049155,142.98,145.77,142.84
2024-09-30,147.27,7494608,145.37,147.48,144.28
2024-10-01,149.7,9489121,146.35,150.52,145.45
2024-10-02,150.95,8105420,151.68,152.28,149.26
2024-10-03,151.25,6553282,151.31,152.17,150.02
2024-10-04,150.74,7895285,152.48,152.5,150.135
2024-10-07,151.12,5895852,151.5,152.75,150.69
2024-10-08,148.75,5892739,149.2,149.6,147.73
2024-10-09,149.65,4973453,147.51,150.37,147.36
2024-10-10,150.62,4420891,150.68,151.55,149.85
2024-10-11,151.42,5051314,150.38,152.33,150.25
2024-10-14,151.78,4214721,150.52,151.9,150.18
2024-10-15,147.73,6704610,148.8,149.955,147.56
2024-10-16,148.73,4303737,148.35,149.0312,148.21
2024-10-17,151.2,6593136,149.26,151.33,148.97
2024-10-18,150.75,5208202,150.815,151.08,149.375
2024-10-21,150.88,5073999,152,152.48,150.49
2024-10-22,150.92,4416409,151.25,151.68,150.22
2024-10-23,150.48,5248853,150.36,151,149.2909
2024-10-24,150.45,5474258,151.13,151.45,149.38
2024-10-25,150.81,6839894,151.39,152.12,150.46
2024-10-28,150.54,8892039,148.25,150.7,148.16
2024-10-29,148.52,6014676,150.04,150.415,147.87
2024-10-30,148.05,5784011,149.08,149.65,147.66
2024-10-31,148.82,8400855,148.755,149.57,147.89
2024-11-01,153.07,11727980,152.48,155.9303,151.7
2024-11-04,153.97,6129961,154.42,154.42,152.6199
2024-11-05,153.41,5978897,154.53,154.67,152.55
2024-11-06,157.72,12118910,157.1,158.61,156.12
2024-11-07,156.77,8143245,157.94,158.01,156.4
2024-11-08,156.93,6041457,156.6,157.58,155.67
2024-11-11,156.5,7771691,157.14,157.94,155.9
2024-11-12,155.29,5681869,157.3,157.47,155.12
2024-11-13,158.72,8824013,156.07,159.02,154.53
2024-11-14,161.8,10111230,159.84,161.83,159.68
2024-11-15,161.42,9022753,161.52,162.38,160.76
2024-11-18,160.76,6092141,160.56,161.52,159.07
2024-11-19,159.6,4657409,159.98,160.4272,158.751
2024-11-20,161.33,6391252,159.91,161.44,159.78
2024-11-21,161.63,7945531,162.02,162.65,161.29
2024-11-22,162.36,7006293,161.51,162.61,161.15
2024-11-25,160.36,10702400,162.15,163.17,159.83
2024-11-26,162.53,7369944,162.31,162.94,161.4
2024-11-27,162.11,7674474,162.76,164.68,161.61
2024-11-29,161.93,5076953,162.25,162.7499,160.66
2024-12-02,162.21,6229596,162.29,162.95,160.11
2024-12-03,161.92,5900066,162.98,163.197,161.39
2024-12-04,158.32,7862728,161.83,161.84,157.86
2024-12-05,159.33,6358358,159.29,160.67,158.69
2024-12-06,155.24,9701694,158.75,158.83,155.17
2024-12-09,157.08,9404473,157,160.08,156.82
2024-12-10,157,9126158,159.06,159.52,156.7
2024-12-11,156.21,13764740,156.86,157.17,155.8
2024-12-12,154.71,7621522,155.87,156.525,154.2653
2024-12-13,153.87,5816180,154.87,154.961,153.07
2024-12-16,149.36,11961220,153.89,153.89,149.25
2024-12-17,148.11,11909330,148,148.65,146.91
2024-12-18,144.08,10174490,147.76,148.67,143.98
2024-12-19,141.15,16544330,144.57,144.76,140.95
2024-12-20,142.85,32209200,140.825,142.85,140.55
2024-12-23,142.97,8156466,142.48,143.345,141.54
2024-12-24,143.84,3556081,143.1,144.045,142.26
2024-12-26,143.98,4494424,143.67,144.31,142.9
2024-12-27,144,5296875,144.29,145.71,143.39
2024-12-30,143.07,6194835,143.79,143.98,142.35
2024-12-31,144.84,6137843,143.52,145.34,143.32
2025-01-02,146.71,7170257,145.475,148.07,145.475
2025-01-03,147.85,5813935,147.54,148.5,147.3
2025-01-06,147.26,5888731,148.4,150.33,146.87
2025-01-07,149.59,7735997,148.505,150.4999,147.63
2025-01-08,150.3,7640885,148.04,151.18,148.03
2025-01-10,153.14,11074720,153.41,154.34,150.87
2025-01-13,155.35,11774070,154.1,157.35,154
2025-01-14,156.9,6830219,155.205,156.91,154.46
2025-01-15,158.33,7899997,156.875,158.69,156.38
2025-01-16,159.38,5578902,158.03,159.895,158.03
2025-01-17,161.47,9260428,159.13,161.77,158.7978
2025-01-21,158.24,10131370,161.15,161.4,157.49
2025-01-22,156.41,7232227,157.68,158.44,156.27
2025-01-23,156.01,5979808,157.63,157.94,155.62
2025-01-24,155.65,8003778,156.46,157.47,155.2701
2025-01-27,157.23,7140991,156.33,157.8899,155.52
2025-01-28,156.21,6425353,157.71,158.92,155.1838
2025-01-29,155.69,5630563,155.715,156.58,154.81
2025-01-30,156.32,6931918,156.56,157.45,155.52
2025-01-31,149.19,16731590,153.76,154.37,148.65
2025-02-03,149.34,7604961,149,150.86,147.8
2025-02-04,153.22,8458070,148.72,153.385,148.72
2025-02-05,152.99,6533680,152.99,153.8,152.29
2025-02-06,151.9,6420525,154.22,155.255,151.06
2025-02-07,152.62,4724947,152.48,153.81,151.9243
2025-02-10,155.77,5653770,154.29,155.8,154.06
2025-02-11,157.44,6011842,156.35,158.71,156.12
2025-02-12,154.9,6693461,156.75,157.465,154.5716
2025-02-13,155.88,7836362,154.78,156.42,153.32
2025-02-14,155.34,5828805,155.08,157.45,154.88
2025-02-18,156.16,5981480,155.34,157.31,154.78
2025-02-19,157.23,4945813,156.52,158.36,156
2025-02-20,158.79,6256154,157.5,158.95,157.07
2025-02-21,156.92,6689815,158.13,158.95,156.82
2025-02-24,157.89,5925047,157.085,158.33,156.75
2025-02-25,156.42,6811293,157.99,158.99,155.46
2025-02-26,155.14,6005232,156.62,156.69,154.4
2025-02-27,156.67,7517237,155.69,158.29,154.81
2025-02-28,158.62,8828547,156.695,158.67,154.92
2025-03-03,153.09,9059814,159.46,160.09,151.76
2025-03-04,152,8826344,151.205,154.1525,150.05
2025-03-05,150.81,9288538,150.15,151.365,147.74
2025-03-06,152.95,7314687,150.51,153.33,149.47
2025-03-07,156.34,8562635,153.95,157.45,153.71
2025-03-10,157.57,11750300,157.19,160.37,156.17
2025-03-11,154.08,10466290,158.43,158.84,153.79
2025-03-12,152.67,9710223,153.64,154.79,152.215
2025-03-13,153.61,9022758,152.265,154.43,151.92
2025-03-14,157.02,6671549,153.99,157.24,153.01
2025-03-17,158.72,7615153,157.22,159.45,156.765
2025-03-18,160.81,9289469,159.74,161.09,158.825
2025-03-19,164.05,11503860,160.965,164.54,160.9
2025-03-20,164.77,9545886,163.13,165.31,162.41
2025-03-21,164.75,21625460,164.49,164.885,163.11
2025-03-24,165.02,8068002,164.69,166.43,164.315
2025-03-25,165.94,7869159,166.08,167.82,165.11
2025-03-26,167.97,10077760,167.37,168.96,167.25
2025-03-27,166.65,6862691,167.25,168.22,165.85
2025-03-28,166.09,4923025,166.7,167.13,165.295
2025-03-31,167.29,10675730,166.19,168.92,166.13
2025-04-01,168.51,6378587,167.29,168.6,166.16
2025-04-02,166.47,7044869,167.4,167.98,165.85
2025-04-03,156.12,15500990,160.12,161.35,155.8
2025-04-04,143.28,20374720,151.755,152.46,142.75
2025-04-07,140.15,17816950,138.73,146.19,137.29
2025-04-08,136.93,12904420,144.15,144.49,134.87
2025-04-09,146.03,16846840,135.02,147.47,133.88
2025-04-10,134.98,20991220,143.22,143.63,133.45
2025-04-11,135.63,17224410,135.01,137.122,132.04
2025-04-14,135.32,9628152,138.48,138.535,134.1
2025-04-15,134.54,9334825,134.32,136.63,134.25
2025-04-16,135.36,8637220,135.4,137.55,134.8
2025-04-17,137.87,8434434,136.69,140.24,136.45
2025-04-21,133.73,9967487,136.02,136.29,132.33
2025-04-22,137.3,7984676,135.26,138.235,134.94
2025-04-23,136.68,10001970,137.21,138.55,135.15
2025-04-24,139.07,7745778,137.92,139.4,137.216
2025-04-25,138.73,6878491,138.33,139.05,137.25
2025-04-28,140.1,6715539,138.97,140.46,138.68
2025-04-29,139.3,7343820,138.69,140.01,138.57
2025-04-30,136.06,13858040,138,138.15,134.14
2025-05-01,136.26,10199850,135.42,137.95,135.12
2025-05-02,138.5,12393240,137.875,139.78,135.29
2025-05-05,135.5,9664980,136.77,137,135.18
2025-05-06,135.6,9916241,136.35,137.31,135.04
2025-05-07,135.79,8423485,136.07,136.3,134.62
2025-05-08,137.04,8669305,136.685,138.89,136.47
2025-05-09,138.49,5965723,138.9,139.37,137.7
2025-05-12,141.62,8028200,142.45,143.71,140.57
2025-05-13,142.35,8536797,141.53,143.23,140.92
2025-05-14,141.67,6453620,141.76,142.23,140.725
2025-05-15,142.26,7545407,140,142.46,139.51
2025-05-16,142.1,8200079,142.7,143,140.696
2025-05-19,138.49,7713568,139.47,139.52,137.12
2025-05-20,137.27,6503930,138.285,138.75,137.03
2025-05-21,135.56,9073206,136.62,137.1293,135.49
2025-05-22,135.29,8877579,134.99,135.99,133.77
2025-05-23,136.54,7025946,134.39,136.79,134.06
2025-05-27,137.83,8348877,137.38,137.969,136.41
2025-05-28,136.02,6876282,138.78,138.79,135.66
2025-05-29,137.91,7556199,136.5,137.94,136.1
2025-05-30,136.7,12858870,136.88,137.45,135.21
2025-06-02,137.84,9076639,138.49,138.69,136.4304
2025-06-03,139.55,9001305,137.645,140.59,136.6
2025-06-04,137.37,8735619,139.42,140.63,137.33
2025-06-05,136.9,6350526,138.15,138.29,136.7
2025-06-06,140.21,6563518,138.09,140.61,138.09
2025-06-09,140.76,7159471,140.55,142.14,139.685
2025-06-10,143.35,9841523,142.22,144.94,141.91
2025-06-11,144.78,9256663,144.19,145.12,142.61
2025-06-12,144.97,6999389,144.5,145.2,143.43
2025-06-13,145.91,14148020,147.08,147.6,144.54
2025-06-16,146.03,10105080,145.73,146.8696,143.74
2025-06-17,148.85,11330270,147.33,149.98,146.5
2025-06-18,148.19,9841924,149.44,150.17,147.7
2025-06-20,149.55,23705880,148.52,149.9,147.9
2025-06-23,146.86,10540610,152.122,152.15,146.315
2025-06-24,143.55,10778350,144.545,146.39,143.16
2025-06-25,143.23,7386088,143.41,144.2,142.5101
2025-06-26,144.44,7415714,143.7,145.08,143.4
2025-06-27,143.79,9213512,144.55,144.665,142.565
2025-06-30,143.19,6980319,143.045,144.098,142.4
2025-07-01,145.57,8508150,143.34,146.27,142.51
2025-07-02,147.98,8228683,147.01,148.01,145.47
2025-07-03,148.37,5173309,147.84,148.98,147.36
2025-07-07,147.4,9460902,147.4,148.17,145.58
2025-07-08,153.24,14082100,147.32,153.24,147.255
2025-07-09,153.02,9495898,152.94,153.96,152.48
2025-07-10,154.17,8398810,152.79,155.28,151.68
2025-07-11,155.31,8333214,154.285,155.89,153.57
2025-07-14,151.65,10706330,154.9,154.9,151.14
2025-07-15,150.69,7346346,151.6,152.31,150.25
2025-07-16,149.92,7923427,150.765,151.48,149.22
2025-07-17,151.38,8359596,149.16,151.835,148.6
2025-07-18,150.04,45782640,155.02,155.91,146.53
2025-07-21,149.68,17982220,151.2,151.67,149.13
2025-07-22,150.04,26196490,149.255,150.94,148.48
2025-07-23,153.12,13162820,150.905,153.14,150.465
2025-07-24,155.83,15701020,152.685,155.995,152.2
2025-07-25,154.84,7875498,155.83,156.2,153.955
2025-07-28,156.28,8755412,155.4,156.55,154.9484
2025-07-29,157.03,6446038,156.68,157.21,155.45
2025-07-30,153.56,9191661,156.14,156.31,152.7
2025-07-31,151.64,10237100,152,153.93,151.14
2025-08-01,151.4,10706490,152.545,154.65,150.355
2025-08-04,151.04,10116630,151.25,152.08,149.82
2025-08-05,153.04,8604079,151.03,153.1,149.895
2025-08-06,152.78,7840914,154.48,155.16,152.22
2025-08-07,153.16,6510670,153.795,155.15,152.83
2025-08-08,155.01,6332807,153.99,155.75,153.5
2025-08-11,153.45,6169716,155.34,155.93,152.985
2025-08-12,154.44,6645373,154.09,156.05,153.36
2025-08-13,155.87,6582191,154.57,156.01,154.2031
2025-08-14,155.16,7337258,155.7,155.7,154.1
2025-08-15,156.55,11617050,155.48,158.54,155.29
2025-08-18,155.32,8174280,156.13,156.49,154.75
2025-08-19,152,8567476,153.46,153.94,151.855
2025-08-20,153.22,8076269,152.42,153.49,151.93
2025-08-21,155.55,7533625,152.82,155.67,152.73
2025-08-22,158.18,9084344,155.32,158.79,155.32
2025-08-25,158.2,7029967,157.9,158.32,157.17
2025-08-26,157.36,10270030,157.51,160,156.55
2025-08-27,159.24,7482961,157.4,159.99,157.205
2025-08-28,159.32,6502447,159.01,159.5174,157.8482
2025-08-29,160.6,6934840,159.7,161.1,159.45
2025-09-02,161.83,8947302,160.48,161.86,159.38
2025-09-03,158.06,9556116,160,161.85,157.02
2025-09-04,157.69,7242974,158.06,159.65,157.5
2025-09-05,153.66,11011670,156.06,156.72,153.4899
2025-09-08,154,9461969,153.91,155.03,152.875
2025-09-09,154.85,7769177,154.91,156.985,154.6
2025-09-10,157.79,7440811,155.05,157.92,155
2025-09-11,158.25,6417408,156.5,158.92,156.01
2025-09-12,157.11,5546333,158.845,159.78,157.1
2025-09-15,157.31,5030461,157.375,158.32,156.5
2025-09-16,159.54,8011032,158.25,160.1,158.12
2025-09-17,160.09,5736777,159.195,160.67,158.61
2025-09-18,158.84,6244226,160.03,160.29,158.09
2025-09-19,156.21,16733990,158.995,158.995,155.55
2025-09-22,156.05,5244025,155.62,157.12,155.15
2025-09-23,157.42,7181383,157.12,159.83,156.985
2025-09-24,159.18,6285228,158.32,160.49,158.25
2025-09-25,160.72,6311040,159.44,161.01,159.35
2025-09-26,160.16,7015168,160.57,161.3,159.51
2025-09-29,156.1,8315073,159.125,159.125,155.5635
2025-09-30,155.29,7755716,154.89,155.73,153.93
2025-10-01,154.58,6768358,154.83,155.09,153.19
2025-10-02,153.37,7562448,153.955,156.6,153.3238
2025-10-03,153.55,7249291,153.58,154.28,152.23
2025-10-06,154.02,4778924,153.965,154.645,152.92
2025-10-07,154.91,5479593,153.65,154.96,151.28
2025-10-08,153.74,5678028,154.36,154.68,152.84
2025-10-09,151.64,6178601,154.13,154.97,151.56
2025-10-10,148.9,7796621,150.695,151.35,148.89
2025-10-13,151.94,5978755,150,151.98,149.43
2025-10-14,152.39,6419350,149.81,153.46,149.66
2025-10-15,152.11,5824931,152.9,154.2071,151.04
2025-10-16,151.71,5276788,152.14,152.73,150.23
2025-10-17,153.08,7735462,152.26,154.19,152.2
2025-10-20,154.48,5676505,153.43,154.72,153.18
2025-10-21,153.79,6304917,154.74,155.2884,153.21
2025-10-22,155.57,6036705,154.65,155.98,153.61
2025-10-23,156.56,9810894,158.2,158.5883,156.12
2025-10-24,155.56,4979941,157.415,157.629,155.427
2025-10-27,155.28,4884434,155.795,156.5,154.87
2025-10-28,154.13,5066475,154.9,156.23,153.89
2025-10-29,155.1,7344432,153.86,156.15,153.86
2025-10-30,153.52,8971226,155.225,155.225,153.24
2025-10-31,157.72,11136110,155.725,159.18,155.11
2025-11-03,154.04,8512209,157.41,157.72,153.57
2025-11-04,153.39,6976838,153.425,153.76,152.15
2025-11-05,152.66,5894721,153.53,154.395,152.66
2025-11-06,152.94,6466257,152.91,154.79,152.68
2025-11-07,155.02,9835929,153.425,156.17,153.425
2025-11-10,155.65,8436797,155.42,155.98,152.37
2025-11-11,156.24,6361426,156.75,157.99,155.9
2025-11-12,153.32,11670950,155.58,155.79,152.08
2025-11-13,155.58,7998740,154,156.2025,153.93
2025-11-14,157.62,8484812,156.23,157.95,154.81
2025-11-17,154.82,8744980,157.72,157.89,154.435
2025-11-18,153.62,10813370,152.5,154.28,151.76
2025-11-19,151.7,7539905,151.16,151.955,150.25
2025-11-20,150.31,7623448,152.54,153.035,150.045
2025-11-21,149.98,9248445,150.435,151.01,148.75
2025-11-24,149.75,14181130,149.82,150.12,147.74
2025-11-25,148.53,11447940,148.895,149.9,148.27
2025-11-26,149.51,7578938,148.26,150.46,148.2
2025-11-28,151.13,3848568,149.455,151.52,149.2622
2025-12-01,152.54,8208972,151.75,153.95,151.5
2025-12-02,150.25,9196311,152.02,152.46,149.26
2025-12-03,151.59,8060175,151.04,152.503,150.975
2025-12-04,152.26,7254724,151.75,152.94,151.2215
2025-12-05,150,12659760,152,152.63,149.83
2025-12-08,148.71,10237150,149.25,150.073,147.66
2025-12-09,148.49,8916749,149.05,150.1,148.22
2025-12-10,151.41,10976300,149.175,151.8,148.7
2025-12-11,150.72,8414160,150.83,151.94,150.1
2025-12-12,149.99,5848050,151.15,151.55,149.63
2025-12-15,149.8,7502951,149.84,150.1,148.43
2025-12-16,146.75,11290540,148.54,148.82,146.49
2025-12-17,149.52,8805268,147.5,149.87,147.35
2025-12-18,147.69,6998843,148.85,149.27,147.08
2025-12-19,147.75,21701440,147.96,149.01,147.185
2025-12-22,149.8,8143618,148.81,150.49,148.695
2025-12-23,150.51,4663665,150.04,151.08,149.85
2025-12-24,150.5,2227609,150.38,150.99,150.1
2025-12-26,150.02,3706915,150.38,151.14,149.6472
2025-12-29,150.99,5589133,151,151.6365,150.085
2025-12-30,152.31,5150514,151.5,152.6707,151.47
2025-12-31,152.41,4953110,152.39,152.55,151.67
2026-01-02,155.9,6862097,152.165,155.9,151.25
2026-01-05,163.85,35094880,165.75,165.75,159.3098
2026-01-06,156.54,20564940,164.88,165.05,156.11
2026-01-07,155.2,13537870,157.44,158.005,154.9
2026-01-08,159.25,12929640,155.5,160.44,155.21
2026-01-09,162.11,12549640,160.56,162.7,159.935
2026-01-12,162.34,9796786,162.7,163.56,160.71
2026-01-13,163.87,12068630,163.47,166.13,163.3
2026-01-14,167.24,16414920,164.1,169.37,164.1
2026-01-15,166.16,8097405,165.77,167.33,165.1
2026-01-16,166.26,9745753,166.59,167.29,165.81
2026-01-20,165.3,11142530,166.705,167.65,165.15
2026-01-21,166.73,10918540,167,168.475,166.06
2026-01-22,166.66,8957383,166.26,167.56,165.73
2026-01-23,166.72,8368686,167.95,168.44,166.441
2026-01-26,167.5,8912601,168.325,168.41,166.77
2026-01-27,169.05,9784855,167.77,169.35,166.65
2026-01-28,169.93,9200244,169.955,170.42,168.195
2026-01-29,171.19,16786610,172.65,174.92,171.04
2026-01-30,176.9,22946580,172.615,177.3,171.27
2026-02-02,174.03,14235350,173.44,176.27,172.65
2026-02-03,178.04,18425420,173.88,178.82,173.7541
2026-02-04,181.23,16170480,178.88,182.59,178.88
2026-02-05,179.23,10474140,179.64,180.46,177.41
2026-02-06,180.86,9901816,180.3,182.1,179.512
2026-02-09,182.6,12021290,181.01,182.82,179.95
2026-02-10,182.26,7458163,182.73,182.95,180.86
2026-02-11,185.82,10502120,183.94,186.52,183.55
2026-02-12,182.4,9673715,185.8,185.8,182.0923
2026-02-13,183.74,9034683,182.54,184.84,181.72
2026-02-17,180.55,9849048,183.3,183.8,178.74
2026-02-18,183.87,10313430,183.23,183.92,181.98
2026-02-19,184.78,10773340,185.29,187.9,184.74
2026-02-20,183.93,9566208,184.59,184.89,182.32
2026-02-23,184.91,7047219,184.67,186.63,184.05
2026-02-24,185.34,7451798,185.285,185.96,183.85
2026-02-25,184.22,9440721,185.84,185.98,182.5101
2026-02-26,184.16,7133769,182.9,186.26,181.76
2026-02-27,186.76,12035510,186,187.545,183.77
2026-03-02,189.6,15809120,190.33,191.44,187.22
2026-03-03,188.77,14004160,190.515,191.5599,187.4201
2026-03-04,186.03,11054380,187.45,188.46,184.15
2026-03-05,189.9,13567160,186.6,189.97,186.49
2026-03-06,189.94,13073120,190.88,192.41,188.12
2026-03-09,189.44,15987490,190.995,191.65,188.11
2026-03-10,186.29,11999550,188.63,189.18,185.64
2026-03-11,191.79,11371740,186.59,191.86,186.49
2026-03-12,196.97,27151830,192.58,198.88,191.77
2026-03-13,196.82,13016950,196,197.63,194.69
2026-03-16,196.84,12683920,196.6,197.84,195.575
2026-03-17,197.97,14018580,197.485,200.58,196.46
2026-03-18,198.61,13305000,199.22,200.73,198.51
2026-03-19,201.44,16918430,199.79,202.44,199
2026-03-20,201.73,35849470,201.4,205.08,201
2026-03-23,205.21,15735740,198.625,205.36,197.37
2026-03-24,206.79,16695530,206.05,209.79,205.81
2026-03-25,205.15,8865023,206,207.24,204.62
2026-03-26,207.79,11085590,206.03,209.2099,205.16
2026-03-27,211.15,13907760,208.15,212.455,206.25
2026-03-30,210.71,10409050,213.26,214.71,210.29
2026-03-31,206.9,17403890,210.9,213.1,201.96
2026-04-01,197.41,23051860,201.99,204.78,194.91
2026-04-02,198.97,11528050,202.51,205.48,198.04
2026-04-06,198.86,8245691,198.5,199.7699,196.351
2026-04-07,201.54,11672590,199.97,204.62,199.24
2026-04-08,192.89,17195450,191.41,193.17,188.6
2026-04-09,190.36,11634000,194.31,196.67,189.27
2026-04-10,188.55,11151390,189.71,190.96,186.47
2026-04-13,191.78,12000230,191.45,192.605,189.72
2026-04-14,187.02,12111010,188.6,189.17,184.6
2026-04-15,184.91,8661597,186.355,187.24,184.0401
2026-04-16,188.15,8013218,185.62,188.23,185.34
2026-04-17,183.99,15720620,181.89,184.3,177.74
2026-04-20,183.25,9661126,184.5,186.27,182.83
2026-04-21,185.98,9799016,183.97,186.37,182.34
2026-04-22,186.32,8708288,187.27,189.42,186.12
2026-04-23,187.6,6684691,187.12,188.42,185.495
2026-04-24,185.21,9626654,185.23,186.42,183.2
2026-04-27,184.78,10836590,186.19,188.37,183.67
2026-04-28,188.36,10754870,188.28,189.96,186.55
2026-04-29,192.22,8644636,190.13,192.62,189.5
2026-04-30,193.31,11748640,190.25,194.13,188.5
2026-05-01,190.63,10435910,191.3,194.085,189.745
2026-05-04,192.28,8229501,190.85,193.71,187.972
2026-05-05,192.64,5642810,191.22,193.665,190.45
2026-05-06,185.16,11082890,185.585,186.775,183.135
2026-05-07,182.5,12194040,181.58,183.44,179.53
2026-05-08,181.62,13053000,182.04,182.725,180.74
2026-05-11,184.74,12042060,183,185.2,183
2026-05-12,185.95,8995139,186.5,186.89,184.6646
2026-05-13,186,7554713,185.81,186.01,183.96
2026-05-14,186.64,6222359,186.19,187.57,185.25
2026-05-15,191.1,11210810,188.6,191.5,187.9
2026-05-18,196.12,9869705,191.17,196.2,189.03
2026-05-19,197.25,11819220,194.93,198.8699,193.4715
2026-05-20,191.33,14564890,196.25,198.19,191.27
2026-05-21,191.01,9051159,193.79,194.16,189
2026-05-22,191.43,7218280,190.37,192,189.8
2026-05-26,184.71,14264570,190,190.49,183.9
2026-05-27,182.4,9449494,181.85,183.72,180.67
2026-05-28,183.03,8734223,183.71,185.26,182.085
2026-05-29,182.46,13894030,182.715,182.97,180.395
2026-06-01,185.83,8850520,184.375,187.94,184.02
2026-06-02,187.55,6549849,184.875,188.4478,184.875
2026-06-03,189.71,7983695,188.89,191.48,187.96
2026-06-04,188.35,5163208,189,190.1,187.67
2026-06-05,187.31,6310890,189.06,189.61,186.59
2026-06-08,189.24,6112985,188.7,191.03,188.5
2026-06-09,186.76,8469927,188.5,189.3829,185.47
2026-06-10,189.8,10041820,189.19,192.685,188.23
2026-06-11,185.82,9274100,191.81,192.25,185.55
2026-06-12,187.22,8703363,185.08,188.4,184.36
2026-06-15,180.4,10184950,178.9,181.67,177.76
2026-06-16,180.11,6663474,178.615,180.25,178.3301
2026-06-17,177.58,8430040,179.01,180.08,177.1
2026-06-18,173.63,19146120,175.64,175.64,172.23
2026-06-22,175.06,11108890,174.08,175.445,172.86
2026-06-23,175.98,6555262,175.78,176.4,174.7
2026-06-24,171.45,10634620,173.89,173.99,170.86
2026-06-25,172.24,7956368,170.22,172.77,169.27
2026-06-26,171.06,13102150,172.24,172.25,169.93
2026-06-29,168.47,8813693,171.37,171.6,168.37
2026-06-30,165.76,19428790,169.7,170.46,165.2
2026-07-01,165.69,9175518,164.78,167.47,164.78
2026-07-02,169.2,9563732,168.28,169.5484,167.4
2026-07-06,168.1,9974281,168.86,169.26,167.1601
2026-07-07,174.01,9748873,170.14,174.61,170
2026-07-08,175.97,9921756,176.8,178.58,174.95
2026-07-09,174.05,6582361,174.63,175.59,173.9
2026-07-10,176.4,5996591,174.965,176.42,173.51
2026-07-13,182.2,7685087,179.015,182.3799,179.015
2026-07-14,181.76,6823332,182.75,183.3605,180.63
2026-07-15,181.6,6665707,182.17,182.4009,178.575
2026-07-16,183.86,6257633,182.57,184.83,181.95
2026-07-17,187.38,7058330,187.47,188.15,185.5
2026-07-20,189.71,7767035,186.29,190.35,185.93
2026-07-21,191.07,6892424,190.5,191.26,189.32
2026-07-22,192.98,6142357,193.4,193.7,191.94
2026-07-23,194.42,8149997,196.3,197.69,194.02
2026-07-24,194.79,6700384,194.46,196.87,193.8
2026-07-27,190,7372144,188.67,192.49,188.67
2026-07-28,187.58,7406774,191.47,191.97,186.73
2026-07-29,191.86,8107750,192.5,193.56,190.7838
2026-07-30,192.31,6645026,189.91,193.119,189.31
2026-07-31,196.83,9958061,195.11,197.5525,191.54
2026-08-03,193.18,9544109,195.38,195.86,191.81
2026-08-04,190.4,9455881,190.15,191.47,186.3401
2026-08-05,186.41,8260643,191.19,191.38,186.27
2026-08-06,189.23,7182061,188.97,189.7849,187.02
2026-08-07,186.56,7098795,186.21,187.75,185.87
2026-08-10,194.91,13667320,188.88,194.99,188.88
2026-08-11,196.66,6049786,194.25,197.46,194.25
2026-08-12,196.6,7366226,195.22,197.395,194.58
2026-08-13,197.7,5908920,195,198.1,193.75
2026-08-14,200,7910482,198.87,201.63,198.355
2026-08-17,202.7,8357776,200.725,203.68,199.8
2026-08-18,205.74,7701560,205.03,206.22,203.71
2026-08-19,205.76,8689916,205.05,207.68,204.26
2026-08-20,205.77,8200550,208.9,208.98,205.52
2026-08-21,205.27,7362690,205.925,207.824,205.0051
2026-08-24,203.09,5854577,203.67,205.3,201.75
2026-08-25,199.89,8176807,201.03,202.055,199.79
2026-08-26,200.21,6868397,198.73,202.39,198.1173
2026-08-27,199.77,8118876,199.57,200.88,197.82
2026-08-28,201.86,5301025,199.98,202.24,199.555
2026-08-31,206.14,12067380,206.08,208.4152,203.8355
2026-09-01,211.05,8558928,209,211.08,207.8
2026-09-02,211.78,7597216,210.49,212.79,209.46
2026-09-03,211.32,6674792,212.38,213.2,211.17
2026-09-04,208.6,5461250,209.51,209.8612,207.12
