Date,Close-Last,Volume,Open,High,Low
2016-09-06,88.57,9846087,87.84,88.64,87.66
2016-09-07,88.24,7464947,88.65,88.67,87.97
2016-09-08,89.05,9575778,88.55,89.37,88.04
2016-09-09,86.84,12773160,88.66,88.66,86.8
2016-09-12,87.29,10873270,86.78,87.71,86.63
2016-09-13,85.21,13178200,86.46,86.47,85.08
2016-09-14,84.6,13935400,85.04,85.83,84.265
2016-09-15,85.08,9235549,84.67,85.65,84.52
2016-09-16,84.03,21515600,84.51,85.05,83.56
2016-09-19,83.83,7928951,84.58,84.62,83.81
2016-09-20,82.54,17234820,83.73,83.95,82.54
2016-09-21,83.3,15033980,82.82,83.62,82.31
2016-09-22,83.54,10703170,84.28,84.55,83.38
2016-09-23,83.45,12663580,82.68,84.31,82.59
2016-09-26,83.06,10851050,83.52,84.5,82.93
2016-09-27,83.24,9587485,82.59,83.34,82.29
2016-09-28,86.9,28102320,83.46,87.23,83.34
2016-09-29,86.46,19055180,86.97,87.2,85.675
2016-09-30,87.28,15927840,86.84,87.81,86.65
2016-10-03,87.05,7082632,86.94,87.2,86.54
2016-10-04,86.25,8211433,87.38,87.5,86.07
2016-10-05,87,8790339,86.83,87.17,86.7
2016-10-06,87.04,7717701,87.25,87.47,86.44
2016-10-07,86.74,6599116,86.95,87.4,86.42
2016-10-10,88.44,10050930,87.54,88.67,87.51
2016-10-11,87.74,9289679,88.08,88.19,87.3
2016-10-12,87.13,8172309,87.22,87.72,86.67
2016-10-13,86.56,9884502,86.35,86.869,85.43
2016-10-14,86.54,7977738,87.19,87.535,86.48
2016-10-17,86.54,7255758,86.48,86.79,86.07
2016-10-18,86.77,5407652,87.17,87.33,86.38
2016-10-19,87.17,9361063,87.19,87.85,86.88
2016-10-20,87.21,6853804,86.79,87.5,86.6
2016-10-21,86.62,10719610,86.42,86.82,85.6985
2016-10-24,86.91,8331278,86.74,87.32,86.07
2016-10-25,86.72,6820764,86.67,87.65,86.6
2016-10-26,87.09,8478130,86.25,87.45,85.95
2016-10-27,86.92,9052759,87.28,87.66,86.8
2016-10-28,84.78,19070570,85.28,86.36,84.14
2016-10-31,83.32,16608610,83.88,84.4,82.99
2016-11-01,83.65,13035880,83.5,83.92,83.27
2016-11-02,83.45,11198430,83.3,83.88,82.94
2016-11-03,83.66,8818660,83.68,83.88,83.05
2016-11-04,83.57,13858600,83.63,84.33,82.76
2016-11-07,85.45,13556890,84.49,85.47,84.4004
2016-11-08,85.31,9718516,84.73,85.83,84.49
2016-11-09,86.25,15864210,84.05,86.71,83.66
2016-11-10,87.05,14069230,85.91,87.99,85.66
2016-11-11,85.67,13732880,86.53,86.73,84.89
2016-11-14,85.28,12582220,85.3,85.65,84.325
2016-11-15,86.82,12882240,85.77,87.06,85.77
2016-11-16,85.75,8137416,86.74,86.78,85.58
2016-11-17,85.23,8174752,86.44,86.88,85.02
2016-11-18,85.28,8350130,85.21,85.65,84.83
2016-11-21,86.49,8847675,86.44,86.69,86.135
2016-11-22,86.68,9387598,86.69,87.24,85.97
2016-11-23,86.92,6060681,86.54,87.08,86.3101
2016-11-25,87.12,5043042,86.71,87.14,86.54
2016-11-28,86.47,7399912,86.95,87.1348,86.37
2016-11-29,85.9,9161668,85.42,86.075,85.08
2016-11-30,87.3,22647820,87.6,88.19,87.2
2016-12-01,87.24,12999540,87.98,88.5,87.24
2016-12-02,87.04,9695961,87.19,87.99,86.6
2016-12-05,87.48,11721290,87.39,87.82,86.92
2016-12-06,87.56,11280350,87.27,87.87,86.6999
2016-12-07,88.07,10899320,87.63,88.15,87.2
2016-12-08,88.32,9029482,88.05,88.85,87.65
2016-12-09,89,8014781,88.64,89,88.18
2016-12-12,90.98,15536580,90.14,91.5,90.14
2016-12-13,92.58,18235580,91.89,93.215,91.17
2016-12-14,90.58,16322600,92.26,92.27,90.17
2016-12-15,90.89,11135690,90.1,90.98,89.76
2016-12-16,91.18,20291240,91.52,91.67,90.64
2016-12-19,90.42,9651496,91.38,91.54,90.2
2016-12-20,90.43,7206835,90.51,90.85,90.29
2016-12-21,90.28,7298098,90.68,90.9,90.18
2016-12-22,90.87,7989703,90.02,90.9,90.02
2016-12-23,90.71,4266137,90.89,90.96,90.52
2016-12-27,90.75,4913368,90.83,91.11,90.58
2016-12-28,90.3,6574300,90.68,91.11,90.26
2016-12-29,90.35,6683867,90.1,90.6,90.03
2016-12-30,90.26,9117025,90.03,90.7,90.01
2017-01-03,90.89,10344430,90.94,91.34,90.15
2017-01-04,89.89,9384256,91.12,91.15,89.75
2017-01-05,88.55,14438510,90.19,90.3,88.44
2017-01-06,88.5,16508660,88.79,88.98,87.82
2017-01-09,87.04,13746820,88.22,88.22,86.55
2017-01-10,85.93,13267310,87.17,87.31,85.91
2017-01-11,86.81,11031980,85.9,86.95,85.86
2017-01-12,86.34,10394730,87.27,87.38,86.07
2017-01-13,86.35,8404428,86.27,86.68,86.17
2017-01-17,87.36,13233190,86.58,87.39,86.25
2017-01-18,86.28,11812980,87.06,87.41,86.05
2017-01-19,84.73,16355880,85.97,86.1,84.59
2017-01-20,85.89,18699760,85.44,85.96,85.05
2017-01-23,84.97,11413130,85.68,85.88,84.75
2017-01-24,85.09,11834120,84.98,85.47,84.825
2017-01-25,85.34,9576700,85.34,85.88,85.25
2017-01-26,85.6,8775047,85.69,85.83,85.12
2017-01-27,85.51,10942330,85.3,85.75,85.0441
2017-01-30,84.86,12761330,85.42,85.45,84.175
2017-01-31,83.89,19126180,85.04,85.07,83.13
2017-02-01,82.94,15084320,84,84.16,82.54
2017-02-02,83.45,12190440,83.21,83.53,82.55
2017-02-03,83.54,12732810,83.7,83.72,82.9
2017-02-06,83.31,9929942,83.55,83.65,82.93
2017-02-07,82.77,11689350,83.23,83.62,82.45
2017-02-08,81.48,14003910,81.99,82.12,81.17
2017-02-09,81.84,9574366,81.8,82.05,81.665
2017-02-10,82.52,8739381,82.26,82.77,82.13
2017-02-13,83,9056892,82.77,83.1837,82.35
2017-02-14,82.82,11369840,82.91,83.1,82.06
2017-02-15,83.16,11761910,82.64,83.18,82.4634
2017-02-16,82.3,10612220,83.12,83.42,82.17
2017-02-17,81.76,15631780,82.09,82.19,81.44
2017-02-21,81.89,16413360,82.12,82.15,81.3
2017-02-22,80.93,12897880,81.65,81.7,80.87
2017-02-23,81.78,13840770,81.42,82.22,81.03
2017-02-24,81.08,11336170,81.6,81.8,80.76
2017-02-27,81.54,13456190,81.13,81.71,80.81
2017-02-28,81.32,16828040,81.53,81.99,81.05
2017-03-01,83.02,17476710,81.7,83.33,81.7
2017-03-02,83.3,14159890,82.8,84.25,82.79
2017-03-03,82.46,12291790,83.56,83.6,82.26
2017-03-06,82.83,9616011,82.44,82.9,82.331
2017-03-07,82.52,12710160,83.11,83.29,82.14
2017-03-08,81.03,16813700,82.35,82.38,81.01
2017-03-09,81.67,14708280,80.64,81.72,80.31
2017-03-10,81.61,11354630,82.44,82.47,81.155
2017-03-13,81.42,9420033,81.5,81.94,81.05
2017-03-14,80.99,11333060,81,81.229,80.44
2017-03-15,82,11966690,81.35,82.06,81.045
2017-03-16,82.07,9923605,82.03,82.2,81.67
2017-03-17,82,18828130,82.03,82.26,81.82
2017-03-20,82,7699658,81.72,82.04,81.44
2017-03-21,81.83,13389790,82.16,82.35,81.6
2017-03-22,81.76,11161210,81.96,82.09,81.43
2017-03-23,81.86,8927004,81.63,82.22,81.46
2017-03-24,81.23,9118829,82.03,82.03,81.149
2017-03-27,81.25,8468031,80.82,81.43,80.791
2017-03-28,81.84,11022320,81.32,82.02,80.96
2017-03-29,82.02,8494693,81.69,82.2833,81.547
2017-03-30,83.7,44673990,82.03,83.87,81.935
2017-03-31,82.01,21734060,83.26,83.31,81.86
2017-04-03,82.07,11437310,82.02,82.31,81.35
2017-04-04,82.37,9264446,82.1,82.42,81.33
2017-04-05,82.53,13792140,82.85,83.55,82.47
2017-04-06,83.01,9547924,82.75,83.21,82.46
2017-04-07,82.76,8908590,83.24,83.36,82.68
2017-04-10,83.13,8884528,83.12,83.47,82.92
2017-04-11,82.84,8575677,83.08,83.17,82.42
2017-04-12,82.97,9515239,82.86,83.35,82.7
2017-04-13,81.69,8660761,82.72,82.729,81.57
2017-04-17,81.58,9574433,81.85,81.97,81.435
2017-04-18,81.05,8815821,81.32,81.82,81.03
2017-04-19,80.49,10757800,81.17,81.51,80.3
2017-04-20,81.01,11642830,80.95,81.74,80.7
2017-04-21,80.69,9812006,80.93,81,80.47
2017-04-24,81.11,8717526,81.28,81.4,80.81
2017-04-25,81.73,10714480,81.43,81.9301,81.2801
2017-04-26,81.4,9436387,81.52,82.33,81.3901
2017-04-27,81.26,12376230,81.07,81.3,80.94
2017-04-28,81.65,12070750,82.46,82.49,81.56
2017-05-01,82.06,8664070,81.51,82.21,81.48
2017-05-02,82.05,9019873,82.14,82.59,81.9
2017-05-03,82.7,10280090,81.97,83.0699,81.91
2017-05-04,81.64,16162050,82.29,82.36,81.4
2017-05-05,82.02,10211700,81.63,82.235,81.61
2017-05-08,82.89,8095346,82,82.94,82
2017-05-09,82.31,8639556,82.96,83,82.16
2017-05-10,81.91,9520140,82.12,82.37,81.65
2017-05-11,82.61,10045800,82.59,82.71,82.1
2017-05-12,82.55,7479472,82.39,82.71,82.25
2017-05-15,82.8,10776270,83,83.1829,82.65
2017-05-16,82.55,9570105,82.9,83.23,82.45
2017-05-17,81.99,11135260,82.3,83.04,81.96
2017-05-18,81.75,9905779,81.77,82.15,81.42
2017-05-19,81.93,12924950,82,82.09,81.695
2017-05-22,82.29,9217104,82.11,82.33,81.93
2017-05-23,82.58,6856683,82.32,82.885,82.24
2017-05-24,82.29,8256898,82.42,82.54,82.01
2017-05-25,81.75,12368220,82.33,82.71,81.52
2017-05-26,81.55,8220533,81.61,81.8,80.83
2017-05-30,81.1,8966377,81.28,81.34,81.04
2017-05-31,80.5,13570090,80.94,80.95,80.47
2017-06-01,80.7,9878260,80.37,80.9,80.19
2017-06-02,79.5,21676320,80.59,80.68,79.26
2017-06-05,80.12,11515140,79.44,80.39,79.4
2017-06-06,81.21,12202580,80.3,81.32,80.22
2017-06-07,80.91,13090690,81.05,81.4,80.34
2017-06-08,80.62,11635240,80.51,81.08,80.49
2017-06-09,82.13,13542180,81.15,82.14,80.69
2017-06-12,82.93,18167280,82.67,83.69,82.64
2017-06-13,82.96,12173010,82.85,83.27,82.57
2017-06-14,82.07,13712010,82.81,82.82,81.56
2017-06-15,82.26,11862310,81.78,82.4,81.58
2017-06-16,83.49,39578780,82.61,83.54,82.2
2017-06-19,82.76,10351500,83.22,83.45,82.55
2017-06-20,82.31,13230530,82.07,82.466,81.41
2017-06-21,81.44,11418470,82.04,82.63,81.14
2017-06-22,81.08,8138550,81.45,81.58,80.9
2017-06-23,81.61,10608850,80.85,81.69,80.76
2017-06-26,81.24,7716517,81.57,81.75,80.9073
2017-06-27,81.11,9220090,81.45,81.73,81.11
2017-06-28,81.53,9189671,81.41,81.76,81.185
2017-06-29,80.7,20518940,81.37,81.84,80.41
2017-06-30,80.73,13989800,81.08,81.241,80.7
2017-07-03,82.1,8422283,80.79,82.49,80.72
2017-07-05,80.85,9828004,81.68,81.68,80.515
2017-07-06,80.12,9820348,80.86,81.08,80.09
2017-07-07,80.22,10399380,80.2,80.595,79.81
2017-07-10,80.16,6337787,80,80.41,79.96
2017-07-11,80.6,9608500,80.33,80.7547,80.0399
2017-07-12,80.96,7972925,81.19,81.515,80.75
2017-07-13,80.97,5581199,80.97,81.09,80.73
2017-07-14,81.28,7496440,81,81.41,80.77
2017-07-17,80.86,7887298,81,81.43,80.83
2017-07-18,80.6,8023058,81.02,81.08,80.41
2017-07-19,80.85,9391093,80.44,80.87,80.27
2017-07-20,80.86,9676276,80.97,81.49,80.75
2017-07-21,80.12,12265900,80.65,80.84,80
2017-07-24,79.87,9402172,80.06,80.22,79.76
2017-07-25,80.27,11462690,80.77,81.05,80.27
2017-07-26,80.37,10464820,80.58,80.9,80.2
2017-07-27,80.83,11140920,80.24,80.88,79.8966
2017-07-28,79.6,22796120,79.65,79.92,78.27
2017-07-31,80.04,12805830,79.83,80.39,79.6
2017-08-01,80.17,10416150,80.16,80.54,79.97
2017-08-02,80.6,10181180,79.9,80.64,79.8
2017-08-03,80.49,10135640,80.34,80.82,80.2999
2017-08-04,80.21,8287406,80.44,80.56,80.05
2017-08-07,80.16,7892960,80.17,80.17,79.86
2017-08-08,79.96,9024110,80.02,80.215,79.83
2017-08-09,80.21,8083197,80.25,80.35,79.78
2017-08-10,78.97,12577470,79.76,79.78,78.91
2017-08-11,78.21,10185390,79.21,79.25,78.2
2017-08-14,78.23,8861795,78.62,78.79,78.12
2017-08-15,78.04,10348750,78.12,78.25,77.68
2017-08-16,77.47,9108796,78.04,78.17,77.31
2017-08-17,76.26,13099620,77.26,77.28,76.21
2017-08-18,76.64,13539280,76.18,77.11,76.05
2017-08-21,76.38,9994624,76.47,76.62,76.08
2017-08-22,76.74,9501336,76.55,77.335,76.53
2017-08-23,76.61,7051019,76.7,77.01,76.47
2017-08-24,76.33,8677240,76.5,76.65,76.2
2017-08-25,76.72,6841050,76.56,77.13,76.43
2017-08-28,76.47,8225531,76.9,76.94,76.26
2017-08-29,76.45,7052188,76.21,76.49,76.08
2017-08-30,76.1,8134482,76.24,76.45,76.06
2017-08-31,76.33,15641170,76.27,76.49,76.05
2017-09-01,76.57,7358732,76.37,76.85,76.32
2017-09-05,77.18,12784630,76.64,77.36,76.61
2017-09-06,78.78,18314040,77.89,79.225,77.58
2017-09-07,79.03,9833726,79.02,79.3299,78.61
2017-09-08,78.82,8435513,79.01,79.04,78.63
2017-09-11,79.25,12955050,79.41,79.42,78.9
2017-09-12,79.5,7649218,79.4,79.69,79.24
2017-09-13,79.77,8365043,79.5,79.77,79.38
2017-09-14,80.09,9063185,79.85,80.23,79.77
2017-09-15,80.07,15972740,80.12,80.21,79.55
2017-09-18,80.09,8439581,79.79,80.14,79.7
2017-09-19,80.22,9275728,80.06,80.39,79.985
2017-09-20,80.55,10586820,80.28,80.66,80.26
2017-09-21,79.89,11867310,80.49,80.53,79.76
2017-09-22,79.92,10049980,79.72,80.3,79.67
2017-09-25,80.98,10482850,80.03,81,79.98
2017-09-26,80.89,7503273,80.71,80.995,80.56
2017-09-27,81.43,9615665,80.89,81.45,80.79
2017-09-28,82.19,15579110,81.63,82.45,81.56
2017-09-29,81.98,9851825,81.94,82.055,81.575
2017-10-02,81.63,6769072,81.3,81.819,81.245
2017-10-03,81.76,6079970,81.41,81.97,81.3
2017-10-04,81.79,6351585,81.8,81.87,81.45
2017-10-05,82.02,7369702,81.72,82.24,81.59
2017-10-06,81.71,6064980,81.77,81.89,81.355
2017-10-09,82.03,7489815,81.84,82.18,81.76
2017-10-10,82.26,7218494,82.34,82.735,82.09
2017-10-11,82.6,6983783,82.16,82.74,82.14
2017-10-12,82.43,6742152,82.31,82.5,82.17
2017-10-13,82.41,7174752,82.73,83.08,82.36
2017-10-16,82.81,5725911,82.7,82.95,82.54
2017-10-17,82.96,6338121,82.63,82.97,82.54
2017-10-18,82.76,6361070,82.96,83.391,82.54
2017-10-19,82.74,7945430,82.35,83.05,82.33
2017-10-20,83.11,9533276,82.85,83.13,82.62
2017-10-23,83.24,9829555,83.15,83.76,83.0401
2017-10-24,83.47,7466098,83.55,83.8065,83.31
2017-10-25,83.17,9152813,83.45,83.73,82.9465
2017-10-26,83.47,9148121,83.37,83.65,83.11
2017-10-27,83.71,14861640,83,84.24,82.01
2017-10-30,83.54,7810312,83.71,83.95,83.41
2017-10-31,83.35,8539859,83.65,83.68,83.17
2017-11-01,83.87,9257793,83.39,83.94,83.26
2017-11-02,83.53,7773966,83.6,83.705,82.91
2017-11-03,83.18,6903510,83.42,83.64,83.16
2017-11-06,83.75,9274240,83.3,83.87,83.06
2017-11-07,83.58,8430696,83.74,83.82,83.03
2017-11-08,83.47,8691261,83.36,83.5,82.86
2017-11-09,83.97,10478120,83.3,84.14,83.08
2017-11-10,82.94,8693290,83.01,83.08,82.42
2017-11-13,82.89,6720108,82.65,83.09,82.6
2017-11-14,82.24,9248682,82.42,82.75,82.09
2017-11-15,81.21,9555711,81.75,82.09,81.15
2017-11-16,80.56,10443490,80.44,80.85,80.145
2017-11-17,80.24,9535293,80.32,80.66,80.16
2017-11-20,80.55,8463826,80.23,80.64,80.01
2017-11-21,80.87,8806682,80.69,81.25,80.64
2017-11-22,81.1,7941244,81.16,81.4051,81.05
2017-11-24,81.42,3851283,81.44,81.7,81.22
2017-11-27,81.11,9122522,81.32,81.4,81.02
2017-11-28,81.67,9794574,81.41,81.999,81.31
2017-11-29,82.27,9710842,81.65,82.31,81.48
2017-11-30,83.29,18585540,82.45,83.4,82.41
2017-12-01,83.46,13757710,83.44,84.13,82.41
2017-12-04,83.57,12580590,83.21,84.175,83
2017-12-05,82.89,9356362,83.5,83.77,82.71
2017-12-06,82.28,12042690,83.08,83.2,82.21
2017-12-07,82.55,11353710,82.4,82.62,82.17
2017-12-08,82.66,10953820,82.75,82.9,82.26
2017-12-11,83.03,8759507,82.95,83.25,82.74
2017-12-12,82.76,11306970,83.09,83.38,82.7
2017-12-13,83.12,10129000,82.61,83.3,82.48
2017-12-14,82.9,9487150,83.03,83.33,82.89
2017-12-15,83.03,26517040,83.16,83.28,82.87
2017-12-18,82.94,9363372,83.18,83.6744,82.91
2017-12-19,82.44,10284950,83.03,83.17,82.33
2017-12-20,82.87,10615290,82.6,83.14,82.5201
2017-12-21,83.85,13571770,83.35,84.27,82.96
2017-12-22,83.97,10078910,83.88,84.02,83.6
2017-12-26,83.98,4769618,83.96,84.36,83.9
2017-12-27,83.9,6998912,83.99,84.1,83.74
2017-12-28,84.02,7494969,83.98,84.05,83.8
2017-12-29,83.64,8517470,84,84.2,83.64
2018-01-02,85.03,11467880,83.82,85.195,83.66
2018-01-03,86.7,13950040,85.16,86.965,84.82
2018-01-04,86.82,10862600,86.79,87.22,86.43
2018-01-05,86.75,11028750,86.75,86.88,85.705
2018-01-08,87.14,10921890,86.7,87.15,86.6034
2018-01-09,86.77,8082332,86.94,87.15,86.65
2018-01-10,86.08,10822320,87,87.19,85.98
2018-01-11,86.93,14361380,86.36,87.37,85.93
2018-01-12,87.52,9833776,87.2,87.99,87.18
2018-01-16,86.97,10875340,87.74,87.76,86.6
2018-01-17,88,10544600,87.2,88.21,86.93
2018-01-18,87.43,9198361,87.77,88.19,87.34
2018-01-19,87.15,12704230,87.57,87.76,86.61
2018-01-22,88.25,9739735,87.17,88.29,87.05
2018-01-23,88.3,9846255,88.25,88.46,87.74
2018-01-24,88.53,10227840,88.49,88.918,88.01
2018-01-25,88.37,11251100,88.55,88.87,88.2
2018-01-26,89,10400180,88.64,89,88.47
2018-01-29,88.01,9303282,88.59,89.3,87.95
2018-01-30,86.78,12382990,87.54,88.38,86.78
2018-01-31,87.3,14286110,86.56,87.47,86.33
2018-02-01,89.07,17964220,87.5,89.25,87.35
2018-02-02,84.53,29768390,85.13,86.01,82.9978
2018-02-05,79.72,30232270,83.28,83.99,78.13
2018-02-06,78.35,36248950,78.51,80.35,76.9
2018-02-07,76.94,21974890,78.44,79.41,76.92
2018-02-08,76.07,25617960,77.44,77.58,76.03
2018-02-09,75.78,28835060,76.25,76.48,73.9
2018-02-12,76.42,19334650,77.05,77.621,75.841
2018-02-13,76.3,11872790,76.1,76.75,75.73
2018-02-14,76.46,17178300,75.79,76.66,75.165
2018-02-15,76.21,14046990,76.62,76.7,75.45
2018-02-16,76.54,13706870,76.15,77.12,75.85
2018-02-20,75.75,12930250,76.47,77.47,75.461
2018-02-21,74.89,11693490,75.82,76.435,74.87
2018-02-22,75.86,13482620,75.3,76.84,75.185
2018-02-23,77.53,13365820,76.09,77.62,75.95
2018-02-26,78.84,16910630,77.74,78.93,77.56
2018-02-27,77.5,14625980,79,79.87,77.5
2018-02-28,75.74,17039950,78.16,78.25,75.7
2018-03-01,75.2,15684260,75.53,76.6808,74.855
2018-03-02,75.55,15427730,74.89,75.87,74.48
2018-03-05,76.27,14838700,75.23,76.56,75.121
2018-03-06,76.18,10683520,76.67,76.98,75.861
2018-03-07,74.26,27245070,75,75.24,73.56
2018-03-08,74.12,19966250,74.5,74.77,73.69
2018-03-09,74.56,19702460,74.82,75.06,74.21
2018-03-12,75.24,14090350,74.87,75.58,74.69
2018-03-13,74.53,13489140,75.33,75.82,74.25
2018-03-14,73.6,14798000,74.64,74.79,73.53
2018-03-15,74.42,15610230,74.35,75,74.1
2018-03-16,75.12,31327230,74.36,75.12,74.36
2018-03-19,74.15,12183700,75,75.01,73.865
2018-03-20,73.99,12988980,74.22,74.7,73.95
2018-03-21,75.04,14916980,74.23,75.64,73.98
2018-03-22,73.5,17137400,74.42,74.7,73.39
2018-03-23,72.89,20146760,73.81,74.21,72.67
2018-03-26,74,15018670,73.65,74.15,72.7548
2018-03-27,73.7,15044760,74,74.8949,73.275
2018-03-28,72.81,18136630,73.74,74.01,72.78
2018-03-29,74.61,14880700,73.33,74.89,73.26
2018-04-02,73.22,17813720,74.27,74.4,72.155
2018-04-03,75.02,15990420,73.45,75.14,73.1
2018-04-04,74.87,13098830,74.05,75.06,73.44
2018-04-05,76.02,13893040,75.06,76.32,75.02
2018-04-06,74.87,14269230,75.64,76.12,74.215
2018-04-09,74.87,11024730,75.22,75.79,74.8
2018-04-10,77.07,19077480,76.08,77.77,76.06
2018-04-11,77.43,13722310,77.11,78.04,76.75
2018-04-12,77.22,13252920,77.86,78.135,77.005
2018-04-13,77.84,10688650,77.8,78.19,77.6
2018-04-16,78.54,10725360,78.12,79.085,77.71
2018-04-17,78.33,9501815,78.54,78.76,78.04
2018-04-18,79.22,12059900,79.04,79.76,78.94
2018-04-19,79.42,11191800,79.32,79.82,78.81
2018-04-20,79,12058060,79.32,79.4,78.335
2018-04-23,79.57,11727680,78.92,79.6,78.75
2018-04-24,78.35,14101320,79.8,79.93,77.97
2018-04-25,79.5,13864530,78.2,79.62,77.485
2018-04-26,80.86,14442860,79.6,80.9,79.53
2018-04-27,77.79,16342330,76.95,78.65,76.48
2018-04-30,77.75,15020040,77.91,78.56,77.74
2018-05-01,76.95,16228500,77.26,77.26,75.98
2018-05-02,76.8,13180340,76.45,77.23,76.3
2018-05-03,76.54,12230710,76.39,76.605,75.4038
2018-05-04,76.9,9881581,76.13,77.22,75.94
2018-05-07,77.74,15082700,77.74,79.08,77.4
2018-05-08,78.09,17428230,77.8,78.16,76.37
2018-05-09,79.93,17136860,78.98,80.24,78.95
2018-05-10,81.72,17696880,80.64,81.79,80.5
2018-05-11,81.28,14746060,81.18,81.97,80.91
2018-05-14,81.83,11847810,81.7,82.3232,81.61
2018-05-15,81.79,12594440,81.85,82.03,81.4
2018-05-16,82.02,9569397,81.76,82.045,81.17
2018-05-17,81.88,11223500,82.2,82.28,81.44
2018-05-18,81.3,9756114,81.55,81.8,81.26
2018-05-21,82.28,8548775,81.73,82.35,81.52
2018-05-22,81.64,10752670,82.44,82.65,81.35
2018-05-23,82.15,15139330,80.95,82.23,80.57
2018-05-24,80.27,13180230,81.35,81.36,79.95
2018-05-25,78.71,14559770,79.28,79.33,78.09
2018-05-29,78.42,14636290,78.15,78.73,77.53
2018-05-30,81.5,16601090,79.25,81.66,79.22
2018-05-31,81.24,15762770,80.81,81.55,80.69
2018-06-01,81.83,9900070,81.87,82.35,81.55
2018-06-04,80.97,10827760,82.05,82.53,80.805
2018-06-05,80.68,12052840,80.59,81.65,80.41
2018-06-06,82.06,11558170,81.48,82.09,80.87
2018-06-07,82.88,13396330,82.73,83.29,82.56
2018-06-08,83.6,14347010,83.11,83.66,82.5
2018-06-11,83.1,10811770,83.72,83.79,82.93
2018-06-12,82.42,12232900,83.11,83.75,82.32
2018-06-13,81.51,11590130,82.44,82.6,81.47
2018-06-14,81.89,11165640,81.94,82.2999,81.5
2018-06-15,80.66,23785770,81.72,81.82,80.51
2018-06-18,80.82,8935843,80.4,81.38,80.3
2018-06-19,80.7,8748230,79.89,80.9601,79.71
2018-06-20,80.45,8915644,80.85,81.13,80.27
2018-06-21,79.69,10913280,80.02,80.38,79.325
2018-06-22,81.38,16698180,81.16,81.9401,80.92
2018-06-25,79.74,10535430,80.78,81.24,79.3
2018-06-26,80.64,10366270,80.15,81.0146,79.97
2018-06-27,81.71,12588940,81.06,82.48,81.06
2018-06-28,81.97,9387558,81.73,82.07,81.03
2018-06-29,82.73,17302760,82.45,83.54,82.29
2018-07-02,81.76,9909187,81.89,82.13,81.32
2018-07-03,82.24,7197258,82.58,83.45,82.08
2018-07-05,82.31,9031212,82.59,82.77,82.05
2018-07-06,82.33,7536100,81.96,82.7,81.66
2018-07-09,82.9,7149751,82.81,83.125,82.555
2018-07-10,83.66,8781847,83.7,84.12,83.51
2018-07-11,82.59,10142860,83.03,83.53,82.025
2018-07-12,82.69,9614606,83.01,83.24,82.31
2018-07-13,83.31,8719620,82.68,83.75,82.56
2018-07-16,82.49,8304868,82.52,82.79,82
2018-07-17,82.31,7368826,82.26,82.75,82.04
2018-07-18,82.22,8611463,81.8,82.32,81.49
2018-07-19,82.01,8658492,82.2,82.62,81.72
2018-07-20,81.4,9196180,81.72,81.9332,81.25
2018-07-23,81.4,8415963,81.95,82,81.18
2018-07-24,83.01,11101980,81.52,83.02,81.48
2018-07-25,83.59,9523152,83.01,83.74,82.51
2018-07-26,84.24,13110490,83.83,84.4,83.37
2018-07-27,81.92,18220840,80.97,82.38,80.805
2018-07-30,81.74,11282700,82.13,82.13,80.711
2018-07-31,81.51,11714320,81.64,82.15,81.44
2018-08-01,80.39,8934672,80.89,80.93,80.225
2018-08-02,79.91,8362829,79.89,80.255,79.45
2018-08-03,80.2,7810712,79.97,80.3,79.63
2018-08-06,80.18,10040340,80.25,80.43,79.74
2018-08-07,81.27,10698050,80.91,81.59,80.31
2018-08-08,80.73,7272779,81.02,81.23,80.35
2018-08-09,80.32,9821036,80.73,80.905,80.11
2018-08-10,79.42,12947070,79.51,79.524,78.855
2018-08-13,78.56,10308380,79.45,79.75,78.43
2018-08-14,78.31,8001384,78.99,79.07,78.08
2018-08-15,76.94,16251010,77.78,77.9,76.51
2018-08-16,78,11517980,77.28,78.1,77.2
2018-08-17,78.26,10178110,78.34,78.49,77.8
2018-08-20,78.81,7965675,78.26,79,78.17
2018-08-21,78.83,9152703,79.05,79.58,78.67
2018-08-22,79.96,10091250,79.11,80.05,79.02
2018-08-23,79.08,7075035,79.56,79.63,78.895
2018-08-24,79.62,6486583,79.52,80.05,79.42
2018-08-27,80.4,6520449,79.91,80.47,79.8592
2018-08-28,80.28,8794788,80.58,80.82,80.2
2018-08-29,80.86,8001797,80.44,81.04,80.095
2018-08-30,80.51,7404709,80.45,80.78,80.12
2018-08-31,80.17,10697460,80.24,80.46,79.77
2018-09-04,80.29,8849342,80.41,80.69,79.81
2018-09-05,81.36,13836850,79.9,81.43,79.6
2018-09-06,80.46,13318610,81.11,81.64,80.34
2018-09-07,81.83,16312830,80.15,81.93,79.82
2018-09-10,81.71,10433310,82.236,82.74,81.655
2018-09-11,82.86,11780470,81.96,83.19,81.63
2018-09-12,83.13,11535540,83.25,83.78,82.87
2018-09-13,82.32,10914350,83.15,83.25,82.01
2018-09-14,82.92,8666234,82.42,83.15,82.27
2018-09-17,83.41,7934194,83,83.61,82.99
2018-09-18,83.63,8836241,83.9,84.13,83.45
2018-09-19,84.63,10064480,83.64,84.77,83.64
2018-09-20,84.82,11100160,84.86,85.34,84.54
2018-09-21,85.17,26596940,85.01,85.43,84.52
2018-09-24,86.6,13294210,85.79,87.085,85.72
2018-09-25,86.5,11652630,87.031,87.36,86.37
2018-09-26,85.78,9906464,86.02,86.5,85.69
2018-09-27,85.77,7658406,86.085,86.375,85.59
2018-09-28,85.02,9712044,85.25,85.9299,84.99
2018-10-01,85.81,8521724,85.35,86.03,85.255
2018-10-02,86.46,7930951,85.8,86.665,85.622
2018-10-03,86.15,9414971,86.51,86.89,85.975
2018-10-04,85.58,9673638,85.5,86.0753,85.25
2018-10-05,85.34,9216380,85.31,85.7,84.9324
2018-10-08,86.13,12997180,84.79,86.305,84.65
2018-10-09,86.51,10176580,86.38,86.88,85.74
2018-10-10,84.52,16393330,86.73,86.82,84.5
2018-10-11,81.6,20046170,83.94,84.17,81.17
2018-10-12,81.38,14884770,82.13,82.24,80.27
2018-10-15,80.82,10437340,81.38,81.735,80.82
2018-10-16,81.2,9284658,80.51,81.265,80.01
2018-10-17,81.5,10839140,80.94,81.52,80.34
2018-10-18,81.85,16453060,81.2,82.47,81.2
2018-10-19,81.97,11656120,81.66,82.4636,81.51
2018-10-22,81.15,8757475,82,82.18,80.64
2018-10-23,79.84,15334880,80.06,80.46,78.715
2018-10-24,77.62,16008000,80.13,80.26,77.55
2018-10-25,78.31,12278120,78.49,79.05,77.74
2018-10-26,77.53,18154980,77.87,78.41,76.96
2018-10-29,77.05,15646190,78.07,78.43,76.22
2018-10-30,78.78,17757510,77.62,79.03,77.42
2018-10-31,79.68,16612620,79.34,80.3501,78.9
2018-11-01,80.67,14152450,79.83,80.75,79.3
2018-11-02,81.95,18839910,81.76,82.45,80.23
2018-11-05,81.64,15810460,82.5,82.87,81.44
2018-11-06,81.99,9062988,81.74,82.1,81.35
2018-11-07,83.03,12697080,82.21,83.14,81.6599
2018-11-08,81.71,16862350,83.13,83.745,81.535
2018-11-09,80.87,15069970,80.26,81.4,79.695
2018-11-12,79.83,11905910,81.66,81.73,79.73
2018-11-13,78,15527230,79.8,79.85,77.64
2018-11-14,77.39,18539750,78.86,79.09,76.75
2018-11-15,78.19,18962360,76.67,78.19,75.91
2018-11-16,78.96,13578150,78.37,79.19,78.1
2018-11-19,79.22,9393970,78.46,79.36,78.43
2018-11-20,76.97,15532900,78.42,78.9,76.37
2018-11-21,77.56,9685306,77.43,78.38,77.26
2018-11-23,75.49,10875430,76.05,76.2,74.7
2018-11-26,76.98,13064670,76.24,77.32,76.12
2018-11-27,77.05,10343850,76.57,77.45,76.4
2018-11-28,78.45,11428510,77.04,78.45,76.84
2018-11-29,79.06,9881446,78.22,79.53,78.195
2018-11-30,79.5,14039060,78.45,79.6,78.32
2018-12-03,81.22,19324230,80.24,81.46,80.14
2018-12-04,79.43,17092550,81.38,81.95,79.35
2018-12-06,78.39,21245440,78,78.44,76.92
2018-12-07,77.64,16099580,79.39,80.36,77.335
2018-12-10,76.54,17940040,77.86,77.86,74.797
2018-12-11,76.68,12954750,77.7,77.8,75.68
2018-12-12,76.02,14509530,78.04,78.2,76.015
2018-12-13,76.98,11136870,76.03,77.22,75.95
2018-12-14,75.58,12668760,76.72,76.87,75.09
2018-12-17,74.04,14788790,75.26,75.6,73.48
2018-12-18,72,18631010,73.63,73.86,71.62
2018-12-19,70.78,21569390,72.45,73.27,70.2953
2018-12-20,68.63,28660520,70.09,70.66,68.05
2018-12-21,68.12,47244260,68.14,70.37,67.67
2018-12-24,65.51,14262830,66.87,67.53,65.44
2018-12-26,68.64,24651740,66.18,68.655,64.65
2018-12-27,68.94,21588760,67.74,68.94,66.08
2018-12-28,68.17,19621520,69.18,69.58,67.82
2018-12-31,68.19,15795000,68.32,69.1453,67.66
2019-01-02,69.69,16704860,67.35,69.87,67.255
2019-01-03,68.62,13825210,70,70.25,68.355
2019-01-04,71.15,15851340,69.64,71.27,69.36
2019-01-07,71.52,10746950,71.25,72.1,70.74
2019-01-08,72.04,11141610,72.54,72.59,71.94
2019-01-09,72.42,13329690,72.6,72.6,71.645
2019-01-10,72.05,12964190,72.07,72.08,71.12
2019-01-11,71.72,9745006,71.85,71.89,71.07
2019-01-14,71.63,10840230,71.21,71.78,71.12
2019-01-15,71.67,10148550,71.95,72.36,71.32
2019-01-16,71.64,12541230,71.42,72.375,71.31
2019-01-17,72.13,9974633,71.19,72.34,70.8994
2019-01-18,72.99,15722350,73.27,73.29,72.125
2019-01-22,71.89,14932910,72.39,72.71,71.68
2019-01-23,71.3,12669050,72.01,72.2966,70.93
2019-01-24,71.4,10232900,71.1,71.97,70.6394
2019-01-25,71.72,8996152,72.07,72.27,71.535
2019-01-28,71.24,13621710,71.02,71.28,70.37
2019-01-29,71.51,10212270,71.7,72.19,71.48
2019-01-30,72.29,11208600,71.77,72.57,71.505
2019-01-31,73.28,19698300,72.29,73.49,72.02
2019-02-01,75.92,22966590,74.92,76.49,74.32
2019-02-04,74.82,15370690,75.76,75.76,74.4
2019-02-05,75.59,12785020,75.18,75.64,75.0101
2019-02-06,75.26,10866080,75.58,75.77,75.13
2019-02-07,74.68,14364720,74.95,75.19,73.9
2019-02-08,73.98,11959290,73.76,74.07,72.73
2019-02-11,74.1,10434810,73.82,74.22,73.4
2019-02-12,75.4,12592280,75.08,75.45,74.82
2019-02-13,76.25,13195340,75.58,76.54,75.51
2019-02-14,76.27,12772360,76.26,76.65,75.71
2019-02-15,77.71,14329800,76.94,77.76,76.75
2019-02-19,78.23,13549470,77.56,78.48,77.45
2019-02-20,78.53,12633050,78.3,78.81,78
2019-02-21,77.82,10189160,78.21,78.66,77.61
2019-02-22,78.42,9519271,78.71,78.95,77.62
2019-02-25,78.5,9012557,78.43,78.85,78.2
2019-02-26,78.66,10781830,78.68,79.13,78.39
2019-02-27,79.47,12391600,78.88,79.7538,78.66
2019-02-28,79.03,14589660,79.45,79.75,78.71
2019-03-01,80,15296060,79.38,80,79.03
2019-03-04,80.31,18075560,80.24,80.545,79.0116
2019-03-05,80.19,12962210,80.12,80.4,79.7507
2019-03-06,79.28,18628700,78.85,79.38,77.86
2019-03-07,80.16,16472420,79.55,80.26,79.32
2019-03-08,79.01,16209530,78.89,79.32,78.25
2019-03-11,79.78,11059250,79.98,80.29,79.65
2019-03-12,80,11311840,80.11,80.58,79.89
2019-03-13,80.71,10258310,80.59,80.76,80.2
2019-03-14,80.44,9976667,80.8,80.91,80.35
2019-03-15,80.15,25316320,80.18,80.5516,80.1
2019-03-18,81.08,9839632,80.44,81.25,80.44
2019-03-19,80.87,13627130,81.58,82,80.64
2019-03-20,81.32,13121370,80.75,81.92,80.56
2019-03-21,81.79,10116180,80.81,81.89,80.8
2019-03-22,80.48,12488160,81.23,81.44,80.3
2019-03-25,79.92,11318730,80,80.44,79.59
2019-03-26,80.96,9472668,80.33,81.27,80.18
2019-03-27,80.34,7203307,80.97,81.31,79.82
2019-03-28,80.74,7412338,80.03,80.79,80.02
2019-03-29,80.8,10889160,81.33,81.48,80.48
2019-04-01,81.73,10297190,81.23,81.78,81.08
2019-04-02,81.38,7616057,81.75,81.95,81.11
2019-04-03,80.9,8561749,81.77,81.77,80.605
2019-04-04,82.05,9358680,81.12,82.0764,80.77
2019-04-05,82.49,10058760,82.15,82.53,81.9516
2019-04-08,83,9108003,82.67,83.2,82.59
2019-04-09,81.93,8561143,82.52,82.58,81.74
2019-04-10,81.56,10228250,81.92,82.08,81.41
2019-04-11,81.95,9114722,81.54,82.07,81.02
2019-04-12,80.92,16633030,82.81,82.81,80.575
2019-04-15,80.65,8531585,80.89,81.06,80.52
2019-04-16,81.2,7005677,80.81,81.345,80.69
2019-04-17,81.43,7977167,81.55,81.7,81.08
2019-04-18,81.13,9342704,81.56,81.83,81.07
2019-04-22,82.9,10759630,81.87,83.22,81.64
2019-04-23,83.38,10593010,83.19,83.49,82.68
2019-04-24,81.76,11681190,83.01,83.08,81.73
2019-04-25,82.22,11128640,81.65,82.84,81.4
2019-04-26,80.49,18046100,80.27,80.63,79.56
2019-04-29,79.97,9362222,80.12,80.38,79.66
2019-04-30,80.28,13636820,80.37,80.525,79.93
2019-05-01,78.67,13909750,79.94,80.26,78.62
2019-05-02,77.29,15360390,78.28,78.5,77.24
2019-05-03,77.47,12180740,77.79,78.21,77.44
2019-05-06,77.13,13367120,76.92,77.66,76.71
2019-05-07,76.72,13498820,76.5,76.79,75.7671
2019-05-08,76.84,11352860,76.54,77.29,76.42
2019-05-09,76.77,13221650,76.35,76.88,75.96
2019-05-10,76.56,11055960,76.18,76.79,75.17
2019-05-13,75.71,12176300,75.65,76.23,75.36
2019-05-14,75.81,10548420,76.13,76.8,75.76
2019-05-15,76.37,8918004,75.57,76.55,75.21
2019-05-16,76.36,8105630,76.4,76.95,76.22
2019-05-17,75.91,9279383,75.65,76.3,75.59
2019-05-20,75.9,7154620,76.05,76.36,75.67
2019-05-21,76.25,8490107,76.27,76.46,75.93
2019-05-22,75.56,7858317,76.02,76.22,75.385
2019-05-23,73.79,14657220,74.77,74.8,73.04
2019-05-24,74.1,7056566,74.14,74.25,73.44
2019-05-28,72.61,14912930,74.24,74.25,72.485
2019-05-29,72.16,13645180,71.89,72.43,71.62
2019-05-30,71.97,9362146,72.02,72.13,71.53
2019-05-31,70.77,13983310,71.19,71.55,70.63
2019-06-03,71.88,11831260,71.09,72.01,70.9659
2019-06-04,73.59,10423020,72.45,73.66,72.17
2019-06-05,72.98,10617830,73.64,73.64,72.585
2019-06-06,74.31,11738900,73.71,74.6155,73.59
2019-06-07,74.58,9095481,74.51,74.9632,74.43
2019-06-10,74.91,7760402,75.19,75.33,74.45
2019-06-11,74.84,9415134,75.51,75.81,74.82
2019-06-12,74.03,7921018,74.48,74.61,73.81
2019-06-13,74.68,8986427,74.7,75.17,74.38
2019-06-14,74.35,8575907,74.68,74.81,74.23
2019-06-17,75.09,9355715,74.16,75.19,74.04
2019-06-18,75.74,10091480,75.42,76.22,75.35
2019-06-19,75.32,9757390,75.4,75.853,75.1735
2019-06-20,76.61,16229720,76.24,76.975,76.08
2019-06-21,77.69,23108130,77.14,77.76,76.87
2019-06-24,76.95,10012240,77.53,77.76,76.81
2019-06-25,76.27,9739970,77.08,77.22,76.19
2019-06-26,76.6,11365480,76.68,77.13,76.47
2019-06-27,75.82,8147803,76.59,76.75,75.76
2019-06-28,76.63,14781300,76.19,76.73,75.9407
2019-07-01,76.56,11453770,77.13,77.925,76.29
2019-07-02,75.72,10475420,76.14,76.27,75.41
2019-07-03,76.44,5246096,75.82,76.5,75.625
2019-07-05,76.13,6881115,76.19,76.35,75.59
2019-07-08,76.48,7876097,76.14,76.7,75.915
2019-07-09,76.43,7863026,76.45,76.77,75.73
2019-07-10,77.51,8077369,76.8,77.63,76.74
2019-07-11,77.57,6404194,77.41,77.61,77.05
2019-07-12,77.63,6139299,77.75,77.8799,77.5
2019-07-15,77.08,7116356,77.63,77.74,76.89
2019-07-16,75.93,10197360,76.92,77.07,75.79
2019-07-17,75.48,7419314,75.74,75.96,75.35
2019-07-18,74.84,11425660,75.03,75.27,74.18
2019-07-19,74.99,11243310,74.9,75.25,74.535
2019-07-22,75.07,8370141,75.24,75.3,74.5
2019-07-23,75.37,8551205,75.15,75.77,74.75
2019-07-24,75.36,8260245,75.39,76.05,74.85
2019-07-25,74.93,9083914,75.78,75.78,74.8
2019-07-26,74.81,7677427,74.87,75.08,74.6
2019-07-29,75.34,7091889,74.88,75.38,74.7
2019-07-30,75.35,6961197,75.06,75.555,74.89
2019-07-31,74.36,13104590,75.04,75.66,74.26
2019-08-01,72.46,17132820,73.74,74.2684,72.265
2019-08-02,71.75,21376740,72.61,73.26,71.18
2019-08-05,70.28,19080930,70.78,70.92,69.61
2019-08-06,70.96,12282360,70.29,71.01,70.28
2019-08-07,70.5,15231050,69.86,70.875,69.4
2019-08-08,72.38,14304050,70.85,72.41,70.62
2019-08-09,70.84,13686610,72.13,72.25,70.47
2019-08-12,69.63,9542598,70.06,70.16,69.33
2019-08-13,70.49,12438510,69.27,70.62,68.92
2019-08-14,67.65,18114360,69.07,69.09,67.65
2019-08-15,67.25,12874370,67.46,67.555,66.525
2019-08-16,68.3,12649040,67.78,68.46,67.2691
2019-08-19,69.45,10032820,68.97,69.65,68.86
2019-08-20,69.03,9744252,69.3,69.3,68.71
2019-08-21,69.72,10134530,69.96,69.98,69.37
2019-08-22,69.57,8973175,69.91,69.96,69.25
2019-08-23,67.49,15373740,68.82,69.525,67.03
2019-08-26,67.85,7344634,68.12,68.26,67.53
2019-08-27,67.19,9494621,68.13,68.44,66.97
2019-08-28,67.68,9656818,67.53,67.98,67.16
2019-08-29,68.43,9004455,68.3,68.67,68.09
2019-08-30,68.48,9181055,68.61,69.08,68.0644
2019-09-03,68.56,9849840,67.89,68.6799,67.63
2019-09-04,69.29,6973483,69.5,69.61,69.09
2019-09-05,70.27,9902285,69.84,70.55,69.7
2019-09-06,70.93,10418500,70.35,70.95,70.12
2019-09-09,71.49,12840420,71.16,72.07,70.98
2019-09-10,72.07,13810790,72.14,72.85,71.62
2019-09-11,71.93,10525670,72.78,72.84,71.55
2019-09-12,71.98,9100653,70.98,72.155,70.7
2019-09-13,72.64,7337194,72.26,72.72,72.06
2019-09-16,73.73,19830180,75.04,75.18,73.6
2019-09-17,73.17,14644960,73.82,74.08,72.63
2019-09-18,72.82,7375224,72.65,72.97,72.33
2019-09-19,72.33,8316785,72.97,73.19,72.19
2019-09-20,72.08,19862820,72.49,72.5,71.855
2019-09-23,72.13,7808263,71.52,72.36,71.46
2019-09-24,71.14,14306870,71.81,71.87,70.815
2019-09-25,71.35,8056587,70.98,71.47,70.82
2019-09-26,70.97,8443867,71.22,71.35,70.6826
2019-09-27,71.48,8224747,70.7,71.67,70.63
2019-09-30,70.61,10159340,71.24,71.45,70.58
2019-10-01,68.95,11431460,70.83,70.91,68.91
2019-10-02,67.15,14635320,68.27,68.59,67.005
2019-10-03,67.98,12782930,67,68,66.305
2019-10-04,68.97,10589030,68.11,69.07,67.82
2019-10-07,68.02,11576040,68.7,69.03,68.02
2019-10-08,66.7,10349380,67.54,67.92,66.64
2019-10-09,67.44,8626168,67.3,67.7,67.2
2019-10-10,68.25,8447220,67.43,68.36,67.38
2019-10-11,68.98,10176020,68.98,69.49,68.885
2019-10-14,69.18,6864352,68.6,69.37,68.59
2019-10-15,69.42,6655121,69.06,70,69.01
2019-10-16,68.23,9811267,69.21,69.53,68.21
2019-10-17,68.14,9931755,68.48,68.8847,68.08
2019-10-18,67.61,13473730,67.87,68.15,67.61
2019-10-21,68.74,10473350,67.82,68.77,67.82
2019-10-22,69.09,9503140,68.78,69.76,68.65
2019-10-23,69.75,8722963,68.96,69.76,68.78
2019-10-24,69.09,9069090,69.96,70.05,69.02
2019-10-25,69.25,7607192,68.9,69.48,68.9
2019-10-28,68.64,11209580,69.46,69.67,68.585
2019-10-29,68.44,13894440,68.48,69.03,68.24
2019-10-30,67.72,12840560,68.37,68.37,67.27
2019-10-31,67.57,16169060,67.46,67.72,67.14
2019-11-01,69.6,14108730,68.39,69.605,68.31
2019-11-04,71.67,15858150,70.07,71.87,69.94
2019-11-05,73.09,14930420,72.04,73.12,71.85
2019-11-06,71.49,13996460,72.73,72.87,71.2
2019-11-07,73.01,13073780,72.03,73.03,72
2019-11-08,70.77,12107600,71.61,71.8,70.66
2019-11-11,70.34,8675982,70.21,70.61,69.97
2019-11-12,69.37,13918870,70.27,70.41,68.98
2019-11-13,68.8,12042870,69.02,69.15,68.6
2019-11-14,68.5,11281010,68.86,68.97,68.18
2019-11-15,69.19,11253690,68.71,69.3,68.67
2019-11-18,68.52,10098940,68.7,68.82,68.3
2019-11-19,67.82,12614040,68.4,68.56,67.78
2019-11-20,68.03,16931770,67.67,68.54,67.32
2019-11-21,69.67,14080940,68.02,69.75,67.92
2019-11-22,69.37,12143560,69.71,70.18,69.33
2019-11-25,68.91,10671460,69.37,69.44,68.7083
2019-11-26,68.74,15461900,68.92,69.035,68.435
2019-11-27,68.7,8396166,68.76,69.09,68.41
2019-11-29,68.13,7980847,68.33,68.53,68
2019-12-02,68.42,11118000,68.5,68.88,68.37
2019-12-03,67.88,12867770,68,68.25,67.52
2019-12-04,68.65,11051690,68.25,68.76,68.14
2019-12-05,68.41,13110780,68.89,68.97,68.205
2019-12-06,69.51,13711720,68.76,69.87,68.76
2019-12-09,69.66,12406430,69.08,69.97,69.02
2019-12-10,69.06,14283430,69.66,70.15,68.7
2019-12-11,68.96,13748810,68.74,69.76,68.67
2019-12-12,70.34,17074900,68.96,70.38,68.9
2019-12-13,69.23,12276520,70.48,70.54,69.12
2019-12-16,70,15209260,69.7,70.25,69.7
2019-12-17,69.68,14457720,69.98,70.38,69.31
2019-12-18,69.87,13652310,69.63,70.29,69.28
2019-12-19,69.39,13278700,69.99,70.05,69.24
2019-12-20,69.94,35093470,69.86,70.2267,69.39
2019-12-23,70.29,14173810,69.86,70.3,69.53
2019-12-24,70.02,3979442,70.35,70.5,69.9101
2019-12-26,70.13,8842249,70.19,70.5,70.01
2019-12-27,69.89,10518520,70.2,70.3123,69.88
2019-12-30,69.48,12691250,70.09,70.435,69.4
2019-12-31,69.78,13158020,69.02,69.8,69.01
2020-01-02,70.9,12406910,70.24,71.02,70.2368
2020-01-03,70.33,17390570,71.34,71.37,70.16
2020-01-06,70.87,20082490,70.32,71.355,70.23
2020-01-07,70.29,17496310,70.5,70.52,69.51
2020-01-08,69.23,15140730,70.11,70.285,69.17
2020-01-09,69.76,14812440,69.14,69.9,68.625
2020-01-10,69.14,11997130,69.93,69.96,69.12
2020-01-13,69.8,9965210,69.2,69.87,69.11
2020-01-14,69.2,16267400,69.38,69.5799,68.89
2020-01-15,69.09,11390260,69.2,69.5899,68.89
2020-01-16,68.82,13340350,69.3,69.585,68.8
2020-01-17,68.56,18144100,68.75,69.08,68.29
2020-01-21,67.58,17982600,68.38,68.42,67.51
2020-01-22,67.19,17033140,67.56,67.7,67
2020-01-23,66.77,19605870,66.71,66.93,66.05
2020-01-24,66.32,18238550,66.54,66.675,66.04
2020-01-27,64.74,21231010,65.42,65.73,64.7
2020-01-28,64.65,19664700,65.11,65.2,64.63
2020-01-29,64.11,14229480,65.03,65.13,63.9
2020-01-30,64.79,18544660,63.78,64.88,63.43
2020-01-31,62.12,34282900,63.2,63.2,61.86
2020-02-03,60.73,27397310,61.38,61.42,60.37
2020-02-04,59.97,31922060,61.45,61.91,59.89
2020-02-05,62.73,32099200,60.75,62.925,60.6
2020-02-06,61.88,16055370,62.93,63.01,61.78
2020-02-07,61.47,15112540,61.41,61.655,61.06
2020-02-10,59.96,20934460,60.48,60.52,59.62
2020-02-11,60.53,14908720,60.58,60.89,60.17
2020-02-12,61.27,17862130,61.34,61.53,60.56
2020-02-13,60.93,16949360,61.06,61.4157,60.56
2020-02-14,60.65,10855300,61.15,61.16,60.2829
2020-02-18,59.88,18954760,60.15,60.39,59.45
2020-02-19,60.34,12804910,60.11,60.6225,59.83
2020-02-20,59.86,14817240,60.23,60.54,59.72
2020-02-21,59.13,20315710,59.51,59.51,58.79
2020-02-24,56.36,32096620,57.62,57.8,56.36
2020-02-25,54.2,36414540,56.75,56.75,53.97
2020-02-26,53.01,29812350,54.55,54.82,52.93
2020-02-27,49.82,48141280,51.71,52.435,49.8
2020-02-28,51.44,62468380,48.77,51.44,48.01
2020-03-02,53.88,38127630,52.59,53.89,51.1299
2020-03-03,51.3,50580660,53.95,54.15,50.98
2020-03-04,52.42,24079620,52.23,52.48,51.12
2020-03-05,50.11,40788170,50.42,50.7,49.04
2020-03-06,47.69,55640490,48.84,49.01,47.2
2020-03-09,41.86,72896300,41.71,44.57,40.8
2020-03-10,43.41,60376720,46.17,46.26,41.45
2020-03-11,41.98,52015040,42.39,43.48,41.75
2020-03-12,37.18,65725310,39.9,40.65,37
2020-03-13,38.12,79891530,40.01,40.14,35
2020-03-16,34.49,48924720,34.4,37.88,33.25
2020-03-17,36.81,41204450,35.21,37.3774,34.2
2020-03-18,33.12,54036420,34.55,36.71,31.23
2020-03-19,34.43,49412440,33.73,34.9,32.35
2020-03-20,32.74,76534630,34.84,35.18,31.56
2020-03-23,31.45,56952490,32.53,32.7,30.11
2020-03-24,35.44,61835600,34.42,36.17,33.333
2020-03-25,37.29,56607670,36.51,38.59,35.18
2020-03-26,38.82,46754740,37.5,39.56,36.72
2020-03-27,36.95,51558550,37.13,37.68,36.2
2020-03-30,37.5,45834990,36.23,38.15,35.86
2020-03-31,37.97,41491610,38.34,39.45,37.37
2020-04-01,37.53,36045930,36.86,38.7,36.34
2020-04-02,40.4,62000160,38.74,41.96,37.9
2020-04-03,39.21,48425660,41.45,42.18,38.52
2020-04-06,40.47,41301930,39.88,40.83,39.23
2020-04-07,41.24,48921830,42.9,43.315,41.16
2020-04-08,43.85,33355550,41.95,44.04,41.47
2020-04-09,43.13,60208060,45.46,46.71,41.74
2020-04-13,42.76,29651940,44.45,44.69,41.97
2020-04-14,42.43,30768970,43,43.75,41.91
2020-04-15,40.48,33125000,41,41.06,39.38
2020-04-16,39.15,30933970,40.48,40.48,38.93
2020-04-17,43.22,40829140,39.88,43.32,39.87
2020-04-20,41.18,39260780,40.75,42.735,40.54
2020-04-21,40.96,44381590,40.4,42.13,39.63
2020-04-22,42.13,27084690,42.6,42.93,41.86
2020-04-23,43.45,35270950,43.13,44.66,42.81
2020-04-24,43.73,28667000,44.4,44.89,43.13
2020-04-27,43.94,28274370,43.59,44.32,42.23
2020-04-28,44.97,26545070,44.37,45.39,44.11
2020-04-29,47.46,29502520,46.26,47.6,46.16
2020-04-30,46.47,37076300,47.68,47.68,45.77
2020-05-01,43.14,35399320,45.63,46.39,43
2020-05-04,44.88,27465640,42.51,44.94,42.22
2020-05-05,44.83,29276150,46.26,47.15,44.66
2020-05-06,43.99,22659020,44.93,45.27,43.9
2020-05-07,44.24,22160320,44.96,45.27,43.97
2020-05-08,46.18,19998700,45.31,46.22,44.975
2020-05-11,45.74,22258030,46.11,46.2,45.51
2020-05-12,44.12,25439100,45.42,45.6699,44.12
2020-05-13,41.93,30827910,43.74,43.87,41.6
2020-05-14,42.3,24856520,41.07,42.55,40.2
2020-05-15,42,22445560,42.38,43.005,41.85
2020-05-18,45.34,32046110,44.4,45.58,44.06
2020-05-19,43.94,21771650,45.55,46.63,43.93
2020-05-20,45.37,19352440,44.62,45.58,44.5701
2020-05-21,44.56,19130740,45.44,45.79,44.39
2020-05-22,44.6,15406400,44.05,44.67,43.45
2020-05-26,45.91,20356450,45.74,46.3,45.47
2020-05-27,46.24,20788290,46.66,47.14,45.405
2020-05-28,45.04,19705890,46.43,46.46,44.93
2020-05-29,45.47,25886240,44.82,45.69,44.37
2020-06-01,46.28,19038400,45.32,46.45,44.8
2020-06-02,47.31,22318980,46.86,47.45,46.7474
2020-06-03,49.24,23418050,48,49.4,47.95
2020-06-04,49.1,18731360,48.88,49.145,48.16
2020-06-05,53.08,41328940,51.65,53.45,51.6
2020-06-08,54.74,33579420,54.72,55.36,53.46
2020-06-09,53.52,27276940,52.88,53.9699,52.45
2020-06-10,50.65,31156790,53.5,53.5,50.6
2020-06-11,46.18,39183000,47.53,48.84,46.1
2020-06-12,47.17,30978120,48.04,48.6233,45.905
2020-06-15,47.14,27929290,45.35,47.76,44.75
2020-06-16,48.2,26203380,49.57,49.75,47.24
2020-06-17,46.63,19279400,48,48.13,46.6
2020-06-18,46.92,21478680,46.11,47.33,45.77
2020-06-19,45.98,48899940,48.22,48.26,45.98
2020-06-22,46.42,17565390,45.69,46.44,45.4
2020-06-23,46.7,18916590,46.9,47.22,46.5
2020-06-24,44.5,27626940,45.91,45.96,44.25
2020-06-25,45.17,19353600,44.05,45.24,43.69
2020-06-26,43.62,31518580,44.88,44.94,43.5
2020-06-29,44.32,17052130,43.81,44.575,43.54
2020-06-30,44.72,22153620,43.43,44.97,43.16
2020-07-01,43.71,17290060,44.49,45.38,43.67
2020-07-02,44.08,18216590,44.62,45.185,43.93
2020-07-06,44.39,22692050,44.67,45.08,43.84
2020-07-07,43.24,17407630,43.9,44,43.11
2020-07-08,43.14,18291390,43.15,43.93,42.84
2020-07-09,41.36,25881980,42.9,43.1,41.29
2020-07-10,42.65,18950980,41.12,42.71,41.1
2020-07-13,42.66,20028280,42.98,43.287,42.225
2020-07-14,44.07,21444120,42.53,44.19,42.26
2020-07-15,44.63,17332450,45.03,45.0886,44.21
2020-07-16,44.28,14673680,44.31,44.81,43.79
2020-07-17,43.52,17965090,44.33,44.685,43.39
2020-07-20,42.5,18553910,43.21,43.51,42.475
2020-07-21,44.65,28833570,43.15,45.19,43.11
2020-07-22,43.61,21345400,44.15,44.15,43.37
2020-07-23,43.7,17934430,43.4,43.82,43.02
2020-07-24,43.43,16415310,43.88,44.42,43.1903
2020-07-27,44.07,18547860,43.23,44.09,42.9715
2020-07-28,43.55,19190500,43.91,44.25,43.46
2020-07-29,44.03,14143180,43.71,44.09,43.34
2020-07-30,41.87,29901100,43.13,43.18,41.825
2020-07-31,42.08,32123000,41.16,42.17,40.91
2020-08-03,42.25,23040540,42.05,42.5,41.47
2020-08-04,43.47,17724020,42.34,43.6,42.24
2020-08-05,43.85,17445780,44.15,44.31,43.53
2020-08-06,43.64,14434940,43.4,43.9,43.25
2020-08-07,43.44,18757930,43.23,43.52,42.81
2020-08-10,44.51,24367750,43.99,44.6,43.595
2020-08-11,44.97,28987460,45.5,46.42,44.73
2020-08-12,44.09,22508880,44.46,44.94,43.63
2020-08-13,43.01,17338690,43.5,43.87,42.92
2020-08-14,43.2,13595700,42.6,43.28,42.41
2020-08-17,42.64,15554630,43.17,43.17,42.47
2020-08-18,42.43,13014040,42.59,43.19,42.29
2020-08-19,41.96,14473090,42.35,42.655,41.865
2020-08-20,41.32,15678550,41.69,41.885,41.3
2020-08-21,41.01,25517740,41.3,41.34,40.71
2020-08-24,42.22,18208880,41.28,42.5078,41.09
2020-08-25,40.88,31285580,41.66,42.065,40.7
2020-08-26,40.01,26794970,40.64,40.835,40
2020-08-27,39.74,32034320,40,40.3,39.305
2020-08-28,40.69,33477090,39.84,40.92,39.76
2020-08-31,39.94,25259610,40.64,40.72,39.895
2020-09-01,39.43,22478200,39.75,39.75,39.045
2020-09-02,39.19,26413360,39.23,39.715,38.95
2020-09-03,39.11,28817180,39.2,40.03,38.88
2020-09-04,39.08,24632500,39.46,39.79,38.65
2020-09-08,38.18,38496440,38.25,38.68,37.35
2020-09-09,37.95,25886150,38.35,38.84,37.92
2020-09-10,37,34381240,38.27,38.37,36.9
2020-09-11,36.9,26838560,37.125,37.31,36.49
2020-09-14,36.66,26129940,36.91,37.01,36.49
2020-09-15,36.27,23724210,36.8,37.3792,36.21
2020-09-16,37.81,30915810,36.46,38.15,36.27
2020-09-17,37.8,24696210,37.35,37.98,36.97
2020-09-18,37.19,46853820,37.53,37.8235,36.7
2020-09-21,36.43,35351770,36.43,36.71,35.68
2020-09-22,35.53,27303220,36.46,36.84,35.47
2020-09-23,34.39,31251420,35.65,35.79,34.35
2020-09-24,34.32,26796040,34.4,34.82,33.76
2020-09-25,34.64,23486010,34,34.94,33.88
2020-09-28,35.31,23396540,35.14,35.9,35.095
2020-09-29,34.28,20788840,35,35.11,33.99
2020-09-30,34.33,22223660,34.64,34.92,34.13
2020-10-01,33.13,36890240,33.79,34.1,32.94
2020-10-02,32.98,32694350,32.25,33.35,32.21
2020-10-05,33.74,22965210,33.32,33.75,33.17
2020-10-06,33.39,26731760,34.12,34.42,33.31
2020-10-07,33.5,23779270,33.64,33.74,33.21
2020-10-08,35.26,34413650,33.88,35.34,33.76
2020-10-09,34.74,29228620,35.68,35.95,34.65
2020-10-12,34.63,17912760,34.54,34.73,34.23
2020-10-13,34.22,20995130,34.73,34.87,34.1
2020-10-14,34.15,17756490,34.06,34.83,34.03
2020-10-15,34.45,23251590,33.695,34.46,33.265
2020-10-16,34.1,22636950,34.37,34.64,33.875
2020-10-19,33.42,23645850,34.1,34.37,33.39
2020-10-20,33.7,23040600,33.66,33.93,33.33
2020-10-21,33.16,28619330,33.51,33.62,33.14
2020-10-22,34.86,31831450,33.18,34.96,33.02
2020-10-23,34.16,27429110,34.97,35.08,33.86
2020-10-26,33.35,30888690,33.61,33.77,32.95
2020-10-27,32.82,27100740,33.15,33.2,32.7
2020-10-28,31.57,42136360,32.1,32.38,31.52
2020-10-29,32.97,38622830,31.41,33.13,31.11
2020-10-30,32.62,47897920,32.41,33.14,32.01
2020-11-02,33.99,40130310,33.14,34.455,32.57
2020-11-03,33.41,36772970,34.49,34.49,33.13
2020-11-04,33.23,35410060,33.27,34.14,32.53
2020-11-05,33.17,30824110,33.37,33.92,33.14
2020-11-06,32.78,33985600,33.1,33.66,32.62
2020-11-09,36.93,76879370,36.42,38.01,36.06
2020-11-10,36.86,49055370,37.05,37.43,35.98
2020-11-11,36.48,34124480,37.09,37.12,36.19
2020-11-12,35.23,30955270,35.86,36.29,34.87
2020-11-13,36.08,29260240,35.4,36.25,35.38
2020-11-16,38.16,38596820,37.59,38.17,37.1
2020-11-17,38.67,26521080,37.81,38.705,37.38
2020-11-18,37.21,31068020,39.02,39.125,37.2
2020-11-19,37.4,26954360,36.86,37.5,36.56
2020-11-20,36.94,18359570,37.35,37.41,36.78
2020-11-23,39.36,29367590,37.5,39.43,37.28
2020-11-24,41.98,46979250,40.51,42.08,40.22
2020-11-25,40.81,28178170,41.67,41.71,40.65
2020-11-27,40.19,14971950,40.7,40.94,39.865
2020-11-30,38.13,45614340,39.8,39.88,37.97
2020-12-01,38.5,32503110,38.96,39.65,38.47
2020-12-02,39.94,29369500,38.39,40.4184,38.34
2020-12-03,40.21,27038940,40.07,40.635,39.73
2020-12-04,41.68,28723630,40.77,41.76,40.65
2020-12-07,40.9,24899420,41.42,41.54,40.67
2020-12-08,42.24,32573850,40.53,42.59,40.44
2020-12-09,42.8,37824820,42.71,43.73,42.38
2020-12-10,44.01,38058670,43.2,44.469,42.761
2020-12-11,43.8,25478810,43.7,43.925,43.21
2020-12-14,42.22,30595040,44.34,44.46,42.18
2020-12-15,43.04,27239690,42.44,43.22,42.06
2020-12-16,43.7,34273030,43.75,44.11,42.96
2020-12-17,43.48,21204640,44,44.04,43.4
2020-12-18,42.73,46596770,43.27,43.7801,42.42
2020-12-21,41.95,27869520,41.11,42.08,40.53
2020-12-22,41.24,21811970,41.58,41.9,41.23
2020-12-23,41.77,19085880,41.51,42.39,41.46
2020-12-24,41.6,8039006,41.65,41.85,41.38
2020-12-28,41.74,23877550,41.69,42.55,41.52
2020-12-29,41.27,20287740,42.04,42.12,41.2
2020-12-30,41.6,23807310,41.33,42.42,41.27
2020-12-31,41.22,22786480,41.47,41.68,40.97
2021-01-04,41.5,27764700,41.45,42.245,41
2021-01-05,43.5,44035140,41.84,44.8,41.83
2021-01-06,44.61,36484800,44.41,45.1,43.7
2021-01-07,44.96,29528120,45,45.57,44.53
2021-01-08,45.46,28628220,45.2,45.82,44.95
2021-01-11,46.84,38290910,45.04,47.135,44.75
2021-01-12,47.88,36915070,47.46,48.17,46.91
2021-01-13,48.42,29000270,48.53,48.71,47.69
2021-01-14,50.31,35474760,48.5,51.08,48.5
2021-01-15,47.89,42411260,48.91,49.08,47.29
2021-01-19,48.84,24932590,48.45,49.44,48.35
2021-01-20,49.53,22342400,49.11,49.74,48.9907
2021-01-21,48.11,29058600,49.33,49.39,47.68
2021-01-22,47.43,23264840,47.01,47.64,46.64
2021-01-25,46.9,26395840,46.9,47.05,46.16
2021-01-26,45.87,23976790,47.26,47.86,45.85
2021-01-27,45.35,32410350,45,46.66,44.53
2021-01-28,46.06,24967250,45.94,46.59,45.69
2021-01-29,44.84,38961080,45.55,46.04,44.51
2021-02-01,44.92,24412390,45.58,45.58,44.29
2021-02-02,45.63,31940400,45.81,46.9861,45.2805
2021-02-03,47.42,28459280,45.63,47.67,45.42
2021-02-04,48.33,25280260,47.88,48.38,47.25
2021-02-05,49.95,34980140,49.18,50.12,49.04
2021-02-08,52.1,36998720,50.92,52.36,50.71
2021-02-09,50.63,28976970,50.67,50.96,49.77
2021-02-10,51.12,25723790,50.63,51.42,50.391
2021-02-11,49.84,26972160,50.89,50.93,48.78
2021-02-12,50.52,19756700,49.43,50.7116,49.41
2021-02-16,52.04,28060140,51.96,52.53,51.62
2021-02-17,52.85,25552230,52.35,53.2695,51.8
2021-02-18,52.02,20627640,52.81,52.935,51.86
2021-02-19,52.37,22607160,52.11,52.56,51.915
2021-02-22,54.3,36435110,52.59,54.81,52.59
2021-02-23,55.05,33527950,54.98,55.255,53.74
2021-02-24,56.7,28728640,55.19,57,54.8733
2021-02-25,55.76,29670880,56.98,57.245,55.3516
2021-02-26,54.37,35291030,54.41,55.055,53.12
2021-03-01,56.4,36998310,56.47,57.61,56.13
2021-03-02,56.07,30302650,56.65,56.96,56.02
2021-03-03,56.52,35358930,56.42,57.96,55.88
2021-03-04,58.71,52137540,57.12,59.4684,57.1
2021-03-05,60.93,51429770,59.83,61.05,59.11
2021-03-08,60.87,38154580,61.58,61.61,59.82
2021-03-09,59.93,35645900,60.61,61.39,59.47
2021-03-10,61.77,31579100,60.52,61.915,60.03
2021-03-11,61.31,24802650,61.78,62.55,61.26
2021-03-12,61.97,20422690,61.55,62.37,61.5
2021-03-15,60.39,31263560,61.49,61.855,59.87
2021-03-16,59.11,30624760,59.54,59.66,58.44
2021-03-17,59.37,25575480,58.69,59.73,58.62
2021-03-18,56.81,38622830,58.81,58.965,56.52
2021-03-19,56.49,84439410,56.71,57.465,55.8101
2021-03-22,55.91,29315080,56.5,56.86,55.9
2021-03-23,55.22,33493300,54.94,56.29,54.45
2021-03-24,56.34,29781780,56.08,57.28,56.08
2021-03-25,56.18,31495920,55.21,56.5,54.5
2021-03-26,57.71,34226460,57.3,57.78,56.5239
2021-03-29,57.4,21144400,57.34,57.82,56.74
2021-03-30,56.69,20303430,56.86,57.36,56.49
2021-03-31,55.83,23686450,56.35,56.63,55.8
2021-04-01,57.39,23194470,56.32,57.45,56.14
2021-04-05,56.5,23264840,57.3,57.32,56.14
2021-04-06,56.34,18926270,56.84,57.5399,56.26
2021-04-07,56.59,22384960,56.39,56.77,56.24
2021-04-08,56,21999300,55.93,56.08,55.32
2021-04-09,55.87,20020750,56,56.435,55.53
2021-04-12,55.5,20238760,56.755,56.79,55.31
2021-04-13,55.71,19370640,55.3,55.98,55.09
2021-04-14,57.32,28051130,56.41,58.01,56.25
2021-04-15,56.98,23250270,57.42,57.42,56.78
2021-04-16,56.66,22752000,57.36,57.68,56.44
2021-04-19,56.48,21123330,56.75,57.14,55.96
2021-04-20,55.29,21782050,56.47,56.47,54.78
2021-04-21,56,16625590,54.5,56.13,54.3
2021-04-22,55.27,21600110,55.99,55.99,55.02
2021-04-23,55.57,15341430,55.27,55.9419,55.18
2021-04-26,55.68,16083790,55.47,56.285,55.44
2021-04-27,56.41,19278580,56.01,56.63,55.81
2021-04-28,58.11,24729800,56.91,58.46,56.79
2021-04-29,58.94,27318360,58.92,59.48,58.15
2021-04-30,57.24,30518360,58.33,58.89,57.16
2021-05-03,58.82,20509580,57.98,58.99,57.74
2021-05-04,59.19,23522220,59,59.5,58.51
2021-05-05,60.97,17323690,59.77,61.05,59.4
2021-05-06,61.55,26836750,60.86,61.64,60.03
2021-05-07,62.43,33610610,61.07,62.47,60.8488
2021-05-10,62.58,31956560,63.24,64.02,62.53
2021-05-11,60.59,34563770,61.625,62.385,60.385
2021-05-12,60.04,34426480,60.01,61.68,59.75
2021-05-13,59.3,24268230,59,60.45,58.75
2021-05-14,60.77,20735400,59.93,60.875,59.93
2021-05-17,62.19,25240800,60.54,62.25,60.43
2021-05-18,60.43,25170800,62,62.3,60.4
2021-05-19,58.98,28889810,59.1,59.855,58.415
2021-05-20,58.84,20692500,58.95,59.15,58.24
2021-05-21,58.92,20792670,59.42,59.8317,58.85
2021-05-24,59.61,18400270,59.08,59.8,58.69
2021-05-25,58.26,25616110,59.5,59.54,58.12
2021-05-26,58.94,21698690,58.25,59.12,57.9
2021-05-27,58.56,33556030,59.23,59.7,58.02
2021-05-28,58.37,19250010,58.73,58.8,58.11
2021-06-01,60.46,28474170,59.45,60.695,59.45
2021-06-02,60.94,22978320,60.75,61.31,60.17
2021-06-03,61.18,20272750,60.55,61.41,60.3538
2021-06-04,61.45,20427830,61.46,61.7,60.7758
2021-06-07,61.05,15477930,61.33,61.73,61.02
2021-06-08,62.13,28953430,61.5,62.48,60.67
2021-06-09,62.65,29133010,62.67,63.42,62.19
2021-06-10,62.75,27488720,63.61,63.975,62.25
2021-06-11,62.17,17631710,63.01,63.1922,62.14
2021-06-14,62.07,16997230,62.3,62.78,61.57
2021-06-15,64.33,30717110,62.48,64.4,62.35
2021-06-16,64.1,24803170,64.32,64.8,63.56
2021-06-17,61.99,28491850,63.86,64.46,61.27
2021-06-18,60.4,39590710,61,61.55,60.24
2021-06-21,62.59,33145430,60.93,62.7,60.9
2021-06-22,63.79,25140400,62.85,64.01,62.23
2021-06-23,64.26,20701590,64.05,64.7,63.58
2021-06-24,64.52,19568380,64.15,64.56,63.805
2021-06-25,64.66,18438310,64.61,64.925,64.359
2021-06-28,63.01,20570050,64.56,64.56,62.75
2021-06-29,62.62,19579250,63.21,63.77,62.585
2021-06-30,63.08,17875490,62.7,63.23,62.45
2021-07-01,63.26,22530260,64.33,64.42,62.77
2021-07-02,63.17,14569540,63.01,63.32,62.421
2021-07-06,61.37,22110790,62.75,62.76,60.9
2021-07-07,60.41,21671390,61.18,61.81,59.62
2021-07-08,60.14,18935950,59.45,60.705,59.31
2021-07-09,61.23,20085990,60.695,61.45,60.2375
2021-07-12,61.17,21809420,60.42,61.5,60.16
2021-07-13,60.88,17147350,61,61.51,60.5099
2021-07-14,59.53,21573590,61.17,61.73,59.355
2021-07-15,58.95,15851100,59.17,59.7,58.765
2021-07-16,57.32,27049510,59.18,59.26,57.15
2021-07-19,55.35,37969060,55.64,56.2,54.595
2021-07-20,55.96,26756120,55.5,56.6,55.03
2021-07-21,57.76,20908730,56.86,58.3,56.83
2021-07-22,57.11,13493810,57.73,57.7397,56.66
2021-07-23,57.04,14088190,57.29,57.29,56.47
2021-07-26,58.48,18387610,57.16,58.65,57
2021-07-27,57.83,16861420,58.01,58.01,57.205
2021-07-28,58.22,16855290,58,58.625,57.62
2021-07-29,58.93,18607820,59,59.33,58.56
2021-07-30,57.57,28652810,58.88,58.88,57.32
2021-08-02,57.58,20873770,57.55,59.06,57.4
2021-08-03,58.2,18208180,57.57,58.41,56.9299
2021-08-04,56.84,20868320,57.19,57.875,56.81
2021-08-05,57.2,15180190,57.13,57.7,56.83
2021-08-06,57.86,14888490,57.66,58.07,57.53
2021-08-09,57.2,17828210,57.13,57.52,56.83
2021-08-10,58.18,16340240,57.42,58.36,57.3
2021-08-11,58.35,18278630,58.19,58.5,57.72
2021-08-12,57.35,19227450,57.4,57.79,56.87
2021-08-13,56.77,20062990,57.03,57.07,56.3
2021-08-16,55.94,16969050,56.02,56.09,55.2738
2021-08-17,55.56,16243660,55.5,56.2967,54.995
2021-08-18,54.39,21890520,55.419,55.805,54.31
2021-08-19,52.73,30923510,53.47,53.705,52.1
2021-08-20,52.74,16918280,52.27,53.135,52.11
2021-08-23,54.91,21632610,53.95,55.06,53.95
2021-08-24,55.36,17915560,55.29,55.85,55.01
2021-08-25,55.46,13270320,55.24,55.77,54.8701
2021-08-26,54.71,11842620,55.2,55.54,54.625
2021-08-27,55.77,15822450,55.4,56.2139,55.4
2021-08-30,55.16,14086120,56.24,56.34,55.12
2021-08-31,54.52,27104130,54.93,55.31,54.46
2021-09-01,53.77,21644070,54.49,54.755,53.6
2021-09-02,55.08,23302230,54.29,55.64,54.27
2021-09-03,54.87,13847890,55.12,55.32,54.595
2021-09-07,54.55,14356410,54.67,55.27,54.47
2021-09-08,54.05,18756730,54.79,55.18,54.01
2021-09-09,54.09,19110780,53.62,55,53.3
2021-09-10,53.98,15123690,55.19,55.23,53.95
2021-09-13,55.37,22052270,54.65,55.925,54.62
2021-09-14,54.58,19940300,55.69,55.77,54.41
2021-09-15,56.42,23240880,55.37,56.534,55.31
2021-09-16,55.82,17907200,56.46,56.46,55.5
2021-09-17,55.16,30034430,55.34,56.75,55.1
2021-09-20,53.69,27555060,53.78,54.17,52.96
2021-09-21,53.64,19696790,54.37,54.51,53.25
2021-09-22,55.21,25690630,54.43,55.905,54.37
2021-09-23,57.08,23069410,55.42,57.2399,55.28
2021-09-24,57.59,22328570,56.7,57.82,56.68
2021-09-27,59.3,32972240,58.85,59.8,58.82
2021-09-28,59.92,37619270,59.9,60.48,59.51
2021-09-29,59.88,23422800,59.84,60.1858,59.05
2021-09-30,58.82,31289620,60.12,60.17,58.81
2021-10-01,60.93,24407340,59.41,60.99,59.41
2021-10-04,61.72,33946680,61.32,62.07,60.9499
2021-10-05,61.62,29641560,62.515,62.695,61.02
2021-10-06,60.49,25284920,60.47,61.115,59.75
2021-10-07,60.66,19513600,60.61,61.08,60.14
2021-10-08,62.18,22186890,61.25,62.415,61.25
2021-10-11,61.56,22121490,63.03,63.06,61.5
2021-10-12,61.24,20198560,61.57,61.98,60.85
2021-10-13,61.07,14991720,60.78,61.39,60.21
2021-10-14,62,18594500,61.71,62.22,61.17
2021-10-15,62.59,16092610,62.73,63.07,62.44
2021-10-18,62.56,18282800,63.09,63.14,62.27
2021-10-19,63.5,18933150,62.87,63.61,62.67
2021-10-20,63.85,14305160,62.89,63.8725,62.72
2021-10-21,62.69,16564640,63.47,63.64,62.345
2021-10-22,63.12,14266850,62.77,63.22,62.345
2021-10-25,64.35,17939770,63.72,64.415,63.58
2021-10-26,65.84,25585100,64.49,65.94,64.36
2021-10-27,64.13,21764460,65.16,65.25,63.975
2021-10-28,64.31,16626410,63.82,64.47,63.63
2021-10-29,64.47,23966330,65.05,65.36,64.33
2021-11-01,65.63,19656450,65.065,66.0795,65.02
2021-11-02,64.82,16300050,65.03,65.447,64.66
2021-11-03,63.93,17372770,64.04,64.45,63.66
2021-11-04,64.41,17720120,64.675,64.89,63.83
2021-11-05,65.02,18565130,65.05,65.3254,64.56
2021-11-08,65.72,17696030,65.55,66.38,65.38
2021-11-09,66.36,18781340,65.77,66.37,65.31
2021-11-10,64.19,20177220,65.32,65.65,63.773
2021-11-11,64.31,13319300,64.195,64.825,64.02
2021-11-12,63.82,18158880,63.955,64.37,63.58
2021-11-15,64.37,18849160,63.76,64.767,63.22
2021-11-16,65.02,17028700,64.34,65.37,64.34
2021-11-17,64.31,15496980,64.38,65.24,64.18
2021-11-18,63.61,16948180,64.16,64.53,63.11
2021-11-19,60.67,32035480,61.89,62.03,60.41
2021-11-22,61.51,21998750,60.32,62.54,60.32
2021-11-23,63.13,21185930,62.19,63.38,61.92
2021-11-24,63.48,15869660,62.58,63.845,62.58
2021-11-26,61.25,24979590,60.52,61.42,59.54
2021-11-29,61.59,18946360,62.57,63.14,61.29
2021-11-30,59.84,34979830,60.46,61.185,59.66
2021-12-01,59.79,30670130,60.9,62.03,59.75
2021-12-02,61.28,29216050,59.74,61.58,59.14
2021-12-03,60.89,22014730,61.92,62.23,60.345
2021-12-06,61.58,19210510,61.72,62.16,61.4199
2021-12-07,62.27,19800380,62.34,63.03,62.1
2021-12-08,62.45,18214420,62.61,63.19,62.34
2021-12-09,62.61,16910330,62.05,62.7684,61.81
2021-12-10,63.01,17942380,63.27,63.35,62.225
2021-12-13,61.63,17793710,62.47,62.72,61.35
2021-12-14,61.54,22551150,61.26,62.465,61.22
2021-12-15,61.27,19961860,61.19,61.5,60.01
2021-12-16,61.37,21187780,61.44,62.45,61.3
2021-12-17,60.03,44454950,60.95,61.275,59.69
2021-12-20,59.16,21819310,58.79,59.25,57.96
2021-12-21,60.5,19798890,59.75,60.6808,59.72
2021-12-22,60.99,14058340,60.34,61.365,59.97
2021-12-23,61.02,13543290,61.17,61.84,61
2021-12-27,61.89,12596340,60.93,61.95,60.42
2021-12-28,61.69,12786870,61.91,62.31,61.4
2021-12-29,61.15,12733600,61.48,61.5983,60.915
2021-12-30,60.79,11940290,61.22,61.6,60.765
2021-12-31,61.19,14071970,60.74,61.47,60.7
2022-01-03,63.54,24290190,61.24,63.6,61.21
2022-01-04,65.93,38584050,64.13,66.185,64.1
2022-01-05,66.75,34033280,66.5,67.61,66.48
2022-01-06,68.32,30668510,68,68.48,67.07
2022-01-07,68.88,23985400,68.52,69.18,67.98
2022-01-10,68.47,22760320,68.97,69.17,67.95
2022-01-11,71.35,32936140,68.89,71.4,68.58
2022-01-12,71.14,23045050,71.14,71.81,70.64
2022-01-13,70.63,21043180,71.12,71.58,70.31
2022-01-14,71.87,23012870,70.65,72.145,70.6
2022-01-18,73.08,32862820,72.82,73.88,72.01
2022-01-19,73.11,26431640,73.75,73.86,72.55
2022-01-20,73.27,26774550,72.5,74.37,72.26
2022-01-21,72.17,35120460,73.18,73.18,71.04
2022-01-24,72.79,41576130,70.88,73.08,69.805
2022-01-25,74.93,39278420,72.59,75.235,71.39
2022-01-26,74.17,35252390,75.43,76,73.49
2022-01-27,75.12,29174690,75.46,76.01,73.985
2022-01-28,75.28,30595660,74.97,75.62,73.95
2022-01-31,75.96,36085480,74.97,76.42,74.265
2022-02-01,80.83,61033080,76.45,81.51,76.27
2022-02-02,80.62,30299320,80.06,80.81,79.15
2022-02-03,79.68,28529400,80.09,80.31,79.02
2022-02-04,81.41,32197540,80.87,82.53,80.87
2022-02-07,82.39,34949220,81.14,83.08,80.64
2022-02-08,80.26,34356260,82.27,82.4962,79.92
2022-02-09,79,40106120,79.58,80.03,78.7051
2022-02-10,78.24,28527660,78.72,79.68,77.792
2022-02-11,80.21,42002090,78.62,80.32,78.23
2022-02-14,78.98,34652780,79.58,79.84,77.05
2022-02-15,77.99,25089510,76.9,78.19,76.42
2022-02-16,78.35,21733750,78.79,79.73,78.04
2022-02-17,78.23,23738820,78.48,79.12,77.95
2022-02-18,77.36,23394780,77.16,78.17,76.89
2022-02-22,76.46,35947770,79.67,79.79,75.31
2022-02-23,76.77,25385010,76.46,77.47,76.13
2022-02-24,75.8,46199850,79,79.03,74.03
2022-02-25,77.84,28310260,76.69,77.99,76.26
2022-02-28,78.42,32204640,76.51,78.93,76.2
2022-03-01,79.17,40002340,78.77,80.65,78.33
2022-03-02,80.53,44321370,80.6,82.15,79.82
2022-03-03,81.04,30196610,79.86,81.77,79.63
2022-03-04,84.09,42844530,81.05,84.275,80.66
2022-03-07,87.12,55207910,84.92,87.23,83.9
2022-03-08,87.78,72082260,89.05,91.505,85.43
2022-03-09,82.79,65466650,84.03,86.57,81.6
2022-03-10,85.36,44644240,84.01,85.68,82.9
2022-03-11,84.92,35303370,84.07,86.23,83.97
2022-03-14,81.88,37462620,83.06,83.45,80.5
2022-03-15,77.22,47957900,78.82,79.17,76.37
2022-03-16,76.93,37812300,77.81,78.62,76.25
2022-03-17,78.98,34041920,78.18,79.15,77.07
2022-03-18,78.67,41461480,79.06,79.3898,78.1
2022-03-21,82.2,33089290,80.12,82.515,79.74
2022-03-22,81.84,23132200,81.63,82.2,80.79
2022-03-23,83.13,27716310,83.34,84.27,83.05
2022-03-24,83.38,19871630,83.46,84.6499,82.75
2022-03-25,85.2,22408180,82.92,85.49,82.79
2022-03-28,82.81,21552380,83.17,83.31,82.02
2022-03-29,82.37,27036250,80.81,82.49,79.76
2022-03-30,83.78,22079010,83.06,84.01,82.71
2022-03-31,82.59,27861460,82.87,84.4,82.55
2022-04-01,83.12,18671080,81.99,84.14,81.99
2022-04-04,83.16,20880040,83.56,83.66,82.05
2022-04-05,82.73,21753100,83.5,85.07,82.555
2022-04-06,83.65,24768200,83.42,84.7,82.94
2022-04-07,85.05,26121980,83.83,85.44,82.71
2022-04-08,86.84,24866510,85.17,87.21,85.17
2022-04-11,83.85,21800100,85.78,85.93,83.5
2022-04-12,85.6,22444180,85.71,86.82,85.375
2022-04-13,86.81,19306830,86.61,87.11,85.19
2022-04-14,87.83,24566440,86.67,88.46,86.2323
2022-04-18,88.55,19032300,88.5,88.89,87.75
2022-04-19,87.76,20382630,88.01,88.66,87.27
2022-04-20,87.96,20689410,87.97,88.5,87.3
2022-04-21,87.03,29010860,88.95,89.8,86.79
2022-04-22,85.13,23591600,86.66,88.12,85
2022-04-25,82.26,37698260,82.37,82.655,79.29
2022-04-26,82.29,28941490,82.73,84.72,82.18
2022-04-27,84.64,32773020,83.39,85.475,82.28
2022-04-28,87.2,33683760,84.88,88.135,84.07
2022-04-29,85.25,34656460,88.14,88.14,84.7
2022-05-02,86.41,36335200,85.01,87.035,84.63
2022-05-03,88.19,33908100,86.26,88.78,86.12
2022-05-04,91.7,46188370,89.5,91.88,88.91
2022-05-05,90.31,41013420,92.04,92.05,88.39
2022-05-06,91.69,29619350,90.98,91.815,89.35
2022-05-09,84.46,45851630,89.44,89.56,84.02
2022-05-10,85.02,34483210,85.64,86.89,83.515
2022-05-11,86.79,33020630,86.43,88.94,86.28
2022-05-12,86.3,29491520,85.95,86.38,83.4
2022-05-13,88.86,25798440,87.36,88.945,86.345
2022-05-16,90.95,26101220,88.98,91.975,88.97
2022-05-17,92.11,23120660,91.73,92.45,91.12
2022-05-18,90.65,25451240,92.51,92.92,89.83
2022-05-19,91.14,24387370,89,92.3,89
2022-05-20,91.86,28795030,91.93,93.59,90.4
2022-05-23,93.89,27239330,92.66,94.77,92.55
2022-05-24,94.4,24293330,92.82,94.79,92.32
2022-05-25,96.3,29947850,94.58,96.53,94.47
2022-05-26,96.64,24314830,96.6,97.43,96.2019
2022-05-27,97.59,25588790,95.945,97.93,95.3
2022-05-31,96,44888130,98.56,99.775,95.705
2022-06-01,97.84,25815370,97.02,98.7124,96.62
2022-06-02,97.67,19089110,97.29,98.1,96.79
2022-06-03,99.09,21038160,97.9,99.66,97.9
2022-06-06,98.84,20682050,99.18,99.78,98.67
2022-06-07,103.37,37810230,99.7,103.43,99.49
2022-06-08,104.59,31613160,103.49,105.57,102.98
2022-06-09,102.33,26634340,103.42,104.57,102.16
2022-06-10,100.46,30958350,101.94,103.35,99.79
2022-06-13,95.85,33421050,97.52,97.77,93.92
2022-06-14,96.1,31264020,97.41,98.67,95.2702
2022-06-15,94.89,29620780,95.99,96.57,93.27
2022-06-16,91.39,35696750,92.41,93.13,90.28
2022-06-17,86.12,64610190,90.96,91.35,85.655
2022-06-21,91.48,35951460,88.58,92.53,88.52
2022-06-22,87.86,29769630,87.54,89.76,87.53
2022-06-23,85.21,35757210,88.66,89.05,83.52
2022-06-24,86.9,26638990,86.95,88.4,85.81
2022-06-27,89.03,25478680,87.81,90.04,87.67
2022-06-28,91.5,33123000,91.12,93.24,90.35
2022-06-29,88.12,25400940,92.98,93.2,87.755
2022-06-30,85.64,39948070,86.14,87.6,84.67
2022-07-01,87.55,26327860,86.74,87.88,84.71
2022-07-05,84.81,34601330,86.34,86.7,83.01
2022-07-06,83.28,33375730,83.76,85.23,81.01
2022-07-07,85.94,23817360,85.38,86.76,85.3
2022-07-08,86.08,17673820,86.95,87.3,84.93
2022-07-11,85.64,15608350,85.17,86.12,84.3601
2022-07-12,84.5,21013010,83.78,85.05,82.86
2022-07-13,84.84,19928600,83.38,86.3126,83.3
2022-07-14,83.14,26343030,81.85,83.31,80.69
2022-07-15,84.54,17243750,84.8,84.88,82.9
2022-07-18,86.1,19395810,86.58,87.9387,85.75
2022-07-19,88.27,18248900,86.415,88.52,86.25
2022-07-20,89.24,16584410,87.58,89.65,87.25
2022-07-21,87.75,21375670,86.93,87.8,85.21
2022-07-22,87.08,15479480,87.55,88.47,86.63
2022-07-25,89.98,17536370,88.16,90.13,87.42
2022-07-26,89.63,15141200,91.13,91.28,89
2022-07-27,91.57,18046960,90.28,92,89.4
2022-07-28,92.64,20353090,92.18,93.25,91.01
2022-07-29,96.93,29825830,94.45,97.515,94.1
2022-08-01,94.48,20793150,94.79,95.35,93.23
2022-08-02,94.07,16722500,94.69,95.2,93.82
2022-08-03,91.02,23580810,94.42,94.42,90.79
2022-08-04,87.19,31821470,90.31,90.34,86.43
2022-08-05,88.45,17408030,86.36,89.69,86.28
2022-08-08,88.95,14467150,88.61,89.6,88.22
2022-08-09,90.59,19083430,90.05,91.61,89.95
2022-08-10,91.45,18302000,90.68,91.7901,89.185
2022-08-11,93.19,18797870,91.84,94.3,91.4391
2022-08-12,94,15058220,92.48,94.02,92.11
2022-08-15,92.32,20755230,90.53,92.73,89.66
2022-08-16,91.46,14038210,92.03,92.89,91.29
2022-08-17,92.2,13678050,91.27,93.21,90.92
2022-08-18,94.38,17770370,93.15,95.31,93.09
2022-08-19,94.08,16128560,94.16,95.2,93.8
2022-08-22,94.01,16019930,93.42,94.4889,91.86
2022-08-23,98,23764740,95.55,98.41,95.45
2022-08-24,98.58,17050310,98.01,98.965,97.36
2022-08-25,99.09,15305730,98.92,99.86,98.1003
2022-08-26,97.87,15531370,98.77,99.91,97.42
2022-08-29,100.12,23059210,98.18,101.555,98.14
2022-08-30,96.31,17086840,98.36,98.62,95.82
2022-08-31,95.59,18340880,94.03,96.84,93.59
2022-09-01,93.87,16422990,94.42,95.065,92.2901
2022-09-02,95.59,18206810,96.35,96.79,95.11
2022-09-06,94.95,19201530,96.16,96.59,94.51
2022-09-07,94.14,16274660,93.19,94.5919,92.3
2022-09-08,94.91,18759210,94.66,95.42,93.72
2022-09-09,96.5,17161440,96.52,97,95.32
2022-09-12,97.61,16118940,97.65,99.19,96.8765
2022-09-13,95.33,18229120,96.61,97.78,94.91
2022-09-14,97.67,22655680,96.19,98.56,96.15
2022-09-15,94.83,21092270,96.22,96.54,94.05
2022-09-16,93.21,37874710,95.07,95.34,92
2022-09-19,93.2,15342110,91.01,93.49,91
2022-09-20,92.44,14712520,92.73,92.925,91.64
2022-09-21,90.95,17332420,93.57,93.88,90.87
2022-09-22,90.57,16139390,92.2,92.66,90.52
2022-09-23,85.75,27738820,87.5,87.5,84.85
2022-09-26,83.98,22043360,84.9,86.22,83.89
2022-09-27,85.74,17307290,85.61,86.955,84.81
2022-09-28,88.86,19543320,86.12,89.2999,85.92
2022-09-29,88.68,17896010,88.18,89.3582,87.13
2022-09-30,87.31,21357560,88.17,89.04,87.31
2022-10-03,91.92,23881330,90.04,92.36,89.72
2022-10-04,95.27,22133710,93.24,95.36,92.71
2022-10-05,99.12,34857700,95.75,99.99,95.66
2022-10-06,102.06,29124720,98.47,102.18,98.33
2022-10-07,101.03,24507650,102.19,103.315,100.18
2022-10-10,98.84,16786090,101.49,102.03,98.72
2022-10-11,98,17804130,97.22,99.76,96.75
2022-10-12,98.43,12635770,97.5,98.91,97.23
2022-10-13,101.87,22019140,97.55,102.45,97.4
2022-10-14,99.19,15229630,101.12,102.24,99.04
2022-10-17,100.62,14283230,101.07,101.97,100.5
2022-10-18,100.8,14065440,101.54,102.35,99.23
2022-10-19,103.79,20921700,101.25,103.99,101.23
2022-10-20,103.93,17649030,104.32,105,103.41
2022-10-21,105.86,22814150,104.45,106.4,103.905
2022-10-24,106.6,17024240,105.66,107.68,105.12
2022-10-25,105.88,15719810,106.41,107.33,105.07
2022-10-26,107.14,17390410,106.26,107.83,106
2022-10-27,107.55,18214020,108.41,109.58,107.42
2022-10-28,110.7,28169440,109.46,111.21,108.12
2022-10-31,110.81,26401840,109.5,112.91,109.44
2022-11-01,111.91,22213140,112.37,112.57,110.65
2022-11-02,109.61,20661780,111.58,112.1,109.31
2022-11-03,111.1,17103670,108.58,111.82,108.31
2022-11-04,112.31,17541460,113,113.5,110.8
2022-11-07,113.64,16008040,112.41,113.99,112.13
2022-11-08,114,14661030,113.48,114.6642,112.595
2022-11-09,108.9,19522760,113.1,113.28,108.57
2022-11-10,110.5,20146730,110.19,110.7,107.5701
2022-11-11,113.95,20518850,112.58,114.5,112.49
2022-11-14,113.37,20858290,112.63,114.64,112.49
2022-11-15,114.13,19373750,113.8,114.53,112.87
2022-11-16,112.91,13590970,113.44,114.2599,111.86
2022-11-17,113.06,12435740,111.29,113.2,110.75
2022-11-18,112.08,15415030,110.9,112.48,109.61
2022-11-21,110.97,20972980,109.99,111.2041,107.48
2022-11-22,114.18,17719090,112.21,114.47,111.43
2022-11-23,113.61,11546690,112.32,113.9488,112.1
2022-11-25,113.21,7136013,113.88,114.61,113.06
2022-11-28,109.81,23017670,110.66,111.46,109.62
2022-11-29,110.54,14453170,110.61,111.8,109.792
2022-11-30,111.34,23158060,111.54,111.9,109.78
2022-12-01,110.8,14398310,111.64,112.07,110.18
2022-12-02,109.86,15248390,109.51,111.71,109.2
2022-12-05,106.85,19287750,110.7,111.36,105.94
2022-12-06,103.88,21196980,105.9,107.04,103.145
2022-12-07,103.65,20061730,103.78,104.8548,102.37
2022-12-08,104.42,21128760,106.28,106.795,103.71
2022-12-09,103.54,21298190,104.59,105.95,103.3
2022-12-12,106.09,20413170,103.83,106.24,103.585
2022-12-13,107.25,24305350,107.8,108.54,107.02
2022-12-14,106.46,17597330,107.99,108.3,105.75
2022-12-15,105.44,15367890,105.33,106.17,103.7
2022-12-16,104.7,54596620,103.69,105.58,103.1301
2022-12-19,105.17,13611120,105.26,106.2,104.38
2022-12-20,106.69,14680000,105.17,107.51,105.07
2022-12-21,108.06,13565370,108.29,108.585,107.16
2022-12-22,105.88,13215500,107.89,108.19,104.1
2022-12-23,108.68,11539450,106.95,108.74,106.9
2022-12-27,110.19,11962060,109.27,110.465,108.83
2022-12-28,108.38,10702080,109.91,110,107.902
2022-12-29,109.2,10534030,107.99,109.72,107.99
2022-12-30,110.3,11799640,108.61,110.5,108.61
2023-01-03,106.51,15146170,109.78,110.02,105.49
2023-01-04,106.82,18058400,104.8,107.155,104.76
2023-01-05,109.21,15946560,106.34,109.95,106.31
2023-01-06,110.53,16348130,110.08,111.99,109.67
2023-01-09,108.47,17964590,111.64,111.64,107.81
2023-01-10,110.09,15104600,109.79,110.33,108.005
2023-01-11,111.37,16710370,110.99,111.45,109.085
2023-01-12,113.22,15357320,111.82,113.74,111.74
2023-01-13,113.15,12011360,113.11,113.49,112.16
2023-01-17,112.93,16542200,113.41,114.08,112.67
2023-01-18,110.61,16399690,113.26,114.12,110.3987
2023-01-19,111.32,12928020,110.07,112.13,109.58
2023-01-20,113.35,16515610,111.36,113.44,110.61
2023-01-23,112.76,16584420,113.64,114.59,112.64
2023-01-24,113.81,13583030,109.16,114.02,99.23
2023-01-25,113.21,11914730,113.23,113.65,111.39
2023-01-26,117.76,21019680,114.72,117.78,114.335
2023-01-27,115.61,15179210,116.95,117.67,115.39
2023-01-30,113.56,18672050,115.09,115.49,113.1519
2023-01-31,116.01,27861850,112.1,116.4,110.43
2023-02-01,114.74,19464870,115.83,117.38,113.34
2023-02-02,111.15,24562120,114.85,115.07,109.83
2023-02-03,111.92,20226610,111.9,114.11,111.56
2023-02-06,111.73,13855210,112.36,113.09,110.32
2023-02-07,114.92,16013310,112.39,115.31,112.021
2023-02-08,113.92,18459680,115.05,115.83,113.85
2023-02-09,114.35,17439310,114.62,116.24,114.18
2023-02-10,119.17,24918620,116.51,119.63,116.16
2023-02-13,117.8,14536240,117.72,118.18,115.9
2023-02-14,116.42,12078990,117.01,117.81,116.0169
2023-02-15,116.07,13673360,115.72,116.09,114.14
2023-02-16,115.73,11360600,115.31,116.78,114.8
2023-02-17,111.28,20758330,114.19,114.19,110.9799
2023-02-21,111.17,14469430,110.81,112.38,110.81
2023-02-22,109.73,13973840,110.48,110.97,108.64
2023-02-23,110.74,11289400,110.73,111.83,109.9
2023-02-24,110.75,14351040,109.33,110.96,109.02
2023-02-27,110.55,11710450,110.8,111.26,109.9601
2023-02-28,109.91,18107030,111.24,111.36,109.22
2023-03-01,110.89,13199960,109.31,111.86,109.24
2023-03-02,111.4,10343080,110.615,111.695,110.17
2023-03-03,112.81,13006710,110.05,113.37,109.95
2023-03-06,113.81,14347410,111.99,113.84,111.87
2023-03-07,111.61,11525290,112.81,113.17,111.17
2023-03-08,109.98,13509820,111.23,112.42,109.065
2023-03-09,109.13,12961240,110.87,112.23,109.03
2023-03-10,107.78,15795670,109.56,111.035,107.15
2023-03-13,106.54,20745630,105.34,107.86,103.72
2023-03-14,106.94,18263510,106.35,109.01,104.96
2023-03-15,101.62,25733780,102.82,104.2,100.2203
2023-03-16,101.03,27476130,99.11,101.68,98.02
2023-03-17,99.84,43199470,100.6,101.6149,99.14
2023-03-20,102.45,32042110,99.63,102.48,99.5
2023-03-21,107.04,31592310,104.17,107.28,104.13
2023-03-22,104.59,14952670,106.8,107.175,104.56
2023-03-23,103.41,14385870,105.36,106.34,102.44
2023-03-24,103.53,13405810,101.47,103.85,100.9132
2023-03-27,105.8,14805910,104.74,106.48,103.91
2023-03-28,107.12,11047590,105.44,107.65,105.19
2023-03-29,108.96,14219120,108.06,109.16,107.49
2023-03-30,109.49,11578170,109.55,109.57,108.52
2023-03-31,109.66,14417960,109.68,110.17,109.0499
2023-04-03,116.13,28087680,113.39,116.85,113.12
2023-04-04,115.02,16365490,116.26,116.7,114.17
2023-04-05,116.99,16479470,115.35,117,114.31
2023-04-06,115.05,15777960,116.86,117.18,114.77
2023-04-10,114.54,13006550,114.78,116.18,114.17
2023-04-11,115.35,11758460,114.96,116.1999,114.38
2023-04-12,115.23,10919020,116.16,116.59,114.93
2023-04-13,115.77,12399650,114.6,115.89,114.13
2023-04-14,116.05,11530830,115.9,116.66,115.12
2023-04-17,114.7,13260350,115.49,116.51,114.42
2023-04-18,116.94,17436140,114.39,117.21,114.3
2023-04-19,116.57,10682610,116.08,116.9,115.77
2023-04-20,115.64,17038750,115.125,115.68,113.2298
2023-04-21,116.01,14315330,116.49,116.88,115.26
2023-04-24,118.2,15831310,115.92,118.885,115.88
2023-04-25,116.52,12179830,117.55,117.74,115.63
2023-04-26,115.45,15566090,116.03,117.09,114.68
2023-04-27,116.83,16279190,115.62,117.01,114.8818
2023-04-28,118.34,24381950,117.25,119.92,116.83
2023-05-01,114.67,17354990,115.99,117.3,114.45
2023-05-02,110.1,24324100,113.94,113.94,109.29
2023-05-03,107.93,16212340,109.08,109.81,107.755
2023-05-04,106.04,17177150,107.9,108.75,105.91
2023-05-05,108.68,14968200,108.55,109.43,107.53
2023-05-08,109.11,11187750,110.5,110.97,109.04
2023-05-09,109.14,11370770,108.34,110.23,108.21
2023-05-10,107.74,14884790,109.74,110.01,106.71
2023-05-11,105.79,17165900,106.49,106.82,104.933
2023-05-12,105.78,12613250,106.31,107.01,104.775
2023-05-15,105.07,13715580,105.51,105.925,104.58
2023-05-16,102.52,14800200,104.63,104.81,102.02
2023-05-17,104.82,14064740,103.39,105.23,102.85
2023-05-18,105.77,12005610,104.55,105.91,104.13
2023-05-19,106.26,13359630,106.57,107.05,105.82
2023-05-22,104.97,12882000,105.84,107.04,104.88
2023-05-23,106.4,14394440,105.99,108.22,105.75
2023-05-24,107.59,16340290,107.38,108.51,106.73
2023-05-25,105.66,14316460,105.94,106.43,104.71
2023-05-26,104.97,12370330,106.47,106.95,104.8327
2023-05-30,104.04,11938030,103.29,104.12,102.61
2023-05-31,102.18,24926120,102.29,103.04,101.74
2023-06-01,103.36,13551940,101.75,105.58,101.26
2023-06-02,105.76,14112040,105.16,106.13,104.53
2023-06-05,105.29,10628000,107.19,107.025,105.09
2023-06-06,106.15,12209770,104.15,106.27,103.98
2023-06-07,108.53,16027090,106.79,108.89,106.73
2023-06-08,108.19,13517920,108.77,109.14,105.9
2023-06-09,107.39,12252530,108.455,108.61,107.16
2023-06-12,106.42,14115160,105.81,107.06,105.555
2023-06-13,106.44,13533780,107.38,108.34,106.275
2023-06-14,105.16,16627680,107.45,108.11,104.39
2023-06-15,105.89,16224120,105.5,107.03,105.44
2023-06-16,105.13,43128870,106.36,106.77,104.955
2023-06-20,102.72,17519380,104.68,104.77,102.12
2023-06-21,103.87,13285740,102.5,104.63,102.33
2023-06-22,103.3,12458810,102.84,103.885,102.65
2023-06-23,102.4,17933600,102.59,102.82,101.62
2023-06-26,104.29,14283410,102.2,104.905,102.2
2023-06-27,104.55,13227490,104.045,104.61,103.27
2023-06-28,105.4,13084060,104.305,105.82,103.2
2023-06-29,106.7,11364440,105.66,106.73,105.13
2023-06-30,107.25,13544660,107.32,107.875,106.8101
2023-07-03,107.46,7396992,107.49,108.46,107.07
2023-07-05,106.91,12491210,107.63,107.92,106.1
2023-07-06,102.92,17964880,105.09,105.72,102.43
2023-07-07,103.16,21929160,101.92,104,101.56
2023-07-10,104.69,14877620,102.97,104.75,102.75
2023-07-11,105.97,12581080,105.26,106.16,104.81
2023-07-12,106.49,13238240,107,107.65,106.13
2023-07-13,104.54,26826840,105.97,106.23,103.32
2023-07-14,100.94,28181920,104.05,104.05,100.53
2023-07-17,101.38,18055850,100.72,101.665,100.22
2023-07-18,100.92,24617800,100.92,102.2,100.34
2023-07-19,101.62,15556540,101.05,102.4,100.8
2023-07-20,103.41,15740200,102.535,103.66,102.36
2023-07-21,103.89,17121490,104.16,104.38,103.26
2023-07-24,105.52,15090860,104.36,106.16,103.96
2023-07-25,105.68,14116080,105.06,106.0901,104.54
2023-07-26,105.09,15159620,105.11,105.72,104.6391
2023-07-27,105.42,17677890,106,106.99,104.74
2023-07-28,104.16,17571680,105.11,105.16,102.32
2023-07-31,107.24,24200300,105.19,107.86,105.19
2023-08-01,106.62,14212940,106.95,107.32,105.53
2023-08-02,105.29,13489810,106.26,106.375,104.57
2023-08-03,107.12,16283110,105.89,107.88,105.3
2023-08-04,107.42,14279630,107.96,109.24,107.33
2023-08-07,107.2,12410830,107.9,108.42,106.505
2023-08-08,107.73,14065570,106.04,107.75,104.835
2023-08-09,109.56,19919600,108.71,110.415,108.31
2023-08-10,110.12,15837170,110.19,111.63,109.44
2023-08-11,111.83,14047040,110.37,112.07,110.05
2023-08-14,111.92,12973380,111.68,111.98,110.78
2023-08-15,108.16,14909580,110.745,110.86,107.965
2023-08-16,106.34,13695120,108.28,109.33,106.275
2023-08-17,108.4,16709540,107.42,110.145,107.42
2023-08-18,110.04,16223950,107.64,110.195,107.62
2023-08-21,108.71,11092380,110.36,110.9793,108.1416
2023-08-22,108.1,10520840,109.17,109.72,107.95
2023-08-23,107.15,11435550,107.04,107.3,105.72
2023-08-24,106.35,10818480,106.42,107.765,106.07
2023-08-25,108.25,13579300,107.43,108.93,106.62
2023-08-28,109.16,10382120,108.45,110.04,108.44
2023-08-29,109.81,9665010,109.66,110.02,108.42
2023-08-30,110.88,11922060,110.44,111.14,109.98
2023-08-31,111.19,17479830,111.12,111.4166,110.615
2023-09-01,113.52,14843480,112.2,113.82,112.2
2023-09-05,113.53,18304010,114.1,115.825,113.5
2023-09-06,114.51,13325540,113.48,114.59,113.23
2023-09-07,113.95,13248540,114.65,115.85,113.7
2023-09-08,115.61,14286480,114.53,116.05,114.32
2023-09-11,114.16,14383560,116.18,116.68,113.565
2023-09-12,117.49,20145760,115.34,117.665,115.27
2023-09-13,116.44,13472800,117.41,117.96,115.9
2023-09-14,118.52,15210700,117.55,118.66,117.33
2023-09-15,116.7,34568390,117.9,118.51,116.5
2023-09-18,117.64,14045310,117.53,118.24,116.7
2023-09-19,117.33,12569720,118.62,118.84,116.61
2023-09-20,116.4,11883210,116.54,118.02,116.32
2023-09-21,114.76,14409640,116.98,117.37,114.6
2023-09-22,114.94,13200210,115.705,116.68,114.805
2023-09-25,116.23,11316010,115.09,116.645,114.83
2023-09-26,116.41,11805430,115.5,116.73,115.37
2023-09-27,120.2,23976160,117.89,120.5,117.4
2023-09-28,119.47,16808120,119.98,120.7,118.19
2023-09-29,117.58,18813570,119.1,119.18,116.733
2023-10-02,115.63,14395000,117.53,117.79,114.55
2023-10-03,115.83,13297060,115.44,116.44,115.0341
2023-10-04,111.5,19622230,114.05,114.09,110.5018
2023-10-05,108.99,20128780,109.8,110.9,108.7
2023-10-06,107.17,25367470,105.73,108.27,105.11
2023-10-09,110.92,22369890,110.44,112.07,109.52
2023-10-10,110.45,13891950,111.02,111.45,110.12
2023-10-11,106.49,57939020,106.96,107.17,104.83
2023-10-12,106.47,31182960,107.59,107.84,106.09
2023-10-13,109.87,30290330,108.03,110.2,107.84
2023-10-16,109.95,18452000,110.5,110.68,109.13
2023-10-17,111.39,19775440,109.73,111.8,109.68
2023-10-18,112.95,23380270,111.82,113.39,111.7
2023-10-19,113.02,20972490,112.72,113.965,111.325
2023-10-20,111.08,22445270,112.92,113.32,110.79
2023-10-23,109.45,18184950,110.63,110.96,108.675
2023-10-24,108.39,16786110,109.7,109.82,108.12
2023-10-25,108.59,22047320,108.52,109.5,108.13
2023-10-26,107.6,18768290,107.45,108.34,106.495
2023-10-27,105.55,23092020,108.89,109.86,104.96
2023-10-30,105.88,19379920,105.74,106.42,105.2122
2023-10-31,105.85,22185150,105.58,106.16,104.54
2023-11-01,105.64,28984870,106.53,107.165,105.46
2023-11-02,109.11,25212690,105.88,109.19,105.5
2023-11-03,107.78,30555550,108.4,108.78,106.54
2023-11-06,105.87,19097270,108.17,108.27,105.77
2023-11-07,104.21,20272490,104.47,104.86,103.29
2023-11-08,102.93,19184070,103.73,104.9,102.89
2023-11-09,102.96,18380540,103.67,103.97,102.855
2023-11-10,103.75,17831340,103.93,104.41,102.905
2023-11-13,104.84,15308380,104.05,105.135,103.805
2023-11-14,104.29,18260520,104.3,104.815,103.87
2023-11-15,103.66,20137560,103.96,105.15,103.5
2023-11-16,102.46,22469070,102.9,103.27,101.15
2023-11-17,104.96,22991820,103.06,105.43,102.75
2023-11-20,104.5,17464020,105.38,105.88,104.43
2023-11-21,104.46,14988980,104.21,104.695,103.215
2023-11-22,104.01,18073240,102.58,104.12,101.94
2023-11-24,104.57,9480768,104.02,105.465,103.91
2023-11-27,103.96,18013520,104.1,104.4,103.18
2023-11-28,103.9,20629510,104.24,104.91,103.88
2023-11-29,102.34,26802090,104.27,104.58,101.64
2023-11-30,102.74,29254690,103.11,104.4778,101.81
2023-12-01,102.99,17845280,102.5,104.22,102.22
2023-12-04,102.43,21523940,102.13,103.36,101.59
2023-12-05,100.44,22250250,102.27,102.34,100.29
2023-12-06,99.11,31154790,100,100.72,98.34
2023-12-07,98.42,29990730,99.86,100.835,98.09
2023-12-08,99.55,22074950,99.02,99.7867,98.75
2023-12-11,99.62,22252250,99.8,99.86,98.58
2023-12-12,98.05,26083960,98.68,98.68,97.48
2023-12-13,98.92,19915440,98.04,99.03,97.655
2023-12-14,101.58,26165650,99.85,102.135,99.72
2023-12-15,100.9,55527020,100.59,101,100.31
2023-12-18,101.65,21610430,102.13,103.11,101.52
2023-12-19,102.99,18904660,102,103.19,101.79
2023-12-20,101.27,20988860,103.5,103.94,101.125
2023-12-21,101.73,19250930,101.47,102.005,100.805
2023-12-22,101.91,12927830,102.31,102.94,101.82
2023-12-26,102.14,16835140,102.74,103.03,102.115
2023-12-27,101.66,14558830,102.04,102.55,101.335
2023-12-28,100.19,16329250,101.39,101.61,100.13
2023-12-29,99.98,17746410,100.37,100.59,99.62
2024-01-02,102.36,23483050,100.92,103.1,100.85
2024-01-03,103.22,23490780,102.27,103.62,101.66
2024-01-04,102.32,19395150,104.08,104.57,102.05
2024-01-05,102.63,15827390,103.17,103.3987,102.125
2024-01-08,100.92,23370130,100.73,101.04,98.9
2024-01-09,99.67,19496650,101.29,101.29,99.19
2024-01-10,98.69,18206090,99.8,99.8,98.16
2024-01-11,98.67,15833360,99.04,99.5,98.56
2024-01-12,99.95,18041680,100.14,100.65,99.1703
2024-01-16,97.69,20235700,99.82,100.01,97.53
2024-01-17,96.98,18384020,96.6,97.96,96.58
2024-01-18,96.8,20940280,97,97.09,95.82
2024-01-19,96.95,20088430,96.72,97.0156,96.41
2024-01-22,96.82,19955950,96.7,97.095,95.77
2024-01-23,97.91,15863430,96.81,98.5,96.73
2024-01-24,99.6,17330650,98.32,99.65,97.74
2024-01-25,102.13,22089510,100.31,102.18,99.615
2024-01-26,103,20817240,101.97,103.08,101.1901
2024-01-29,103.13,18317550,102.98,103.2,101.86
2024-01-30,104.85,19610930,102.41,104.88,102.1
2024-01-31,102.81,22415290,104.74,104.88,102.7714
2024-02-01,102.39,19240690,103.57,104.01,101.62
2024-02-02,101.97,21973410,103.75,104,101.611
2024-02-05,101.55,17190890,101.45,102.38,100.5
2024-02-06,102.25,13353290,102.07,103.04,101.57
2024-02-07,102.22,13826830,102.25,102.73,101.18
2024-02-08,103.97,19636900,102.34,104.42,102.11
2024-02-09,101.77,20410510,104.1,104.84,101.7
2024-02-12,103.17,18173060,102.16,103.4,102
2024-02-13,101.34,18917430,102.76,103.09,100.6
2024-02-14,100.84,17651250,101.87,102.615,100.42
2024-02-15,103.73,23196310,100.6,103.935,100.6
2024-02-16,103.73,20151430,104.01,104.63,103.52
2024-02-20,102.75,17650010,103.84,104.12,102.645
2024-02-21,104.85,20999190,103.02,104.98,102.99
2024-02-22,104.76,20470670,104.16,105.41,103.45
2024-02-23,103.84,15975890,103.88,104.09,102.88
2024-02-26,104.25,13360800,103.72,104.935,103.05
2024-02-27,104.03,16359980,104.68,105.15,103.85
2024-02-28,104.32,14810490,104.47,105.43,104
2024-02-29,104.52,17566070,104.675,105.07,104.215
2024-03-01,105.84,18460120,105.72,106.39,105.375
2024-03-04,104.36,18137990,105.66,105.85,104.03
2024-03-05,105.64,19952710,104.53,106.27,104.32
2024-03-06,106.77,20472790,106.62,107.57,106.15
2024-03-07,107.37,15195410,106.6,107.98,106.6
2024-03-08,108.38,16281470,107.23,108.4,106.77
2024-03-11,109.02,17577290,108.25,109.12,107.34
2024-03-12,108.32,14957250,109.06,109.28,108.025
2024-03-13,109.53,17122240,109.14,110.35,109.1101
2024-03-14,111.47,22121010,109.83,111.55,109.69
2024-03-15,111.27,38264400,110.85,112.3,110.85
2024-03-18,112.3,16770460,111.79,112.86,111.1
2024-03-19,113.09,14878760,112.22,113.485,112.06
2024-03-20,112.99,16119700,112.72,113.4,112.13
2024-03-21,113.49,14878020,112.92,113.91,112.57
2024-03-22,113.49,14701930,113.48,113.685,112.8239
2024-03-25,114.65,14011730,113.83,115.775,113.83
2024-03-26,113.79,13152290,114.66,114.98,113.41
2024-03-27,114.97,12415670,113.48,115.06,113.41
2024-03-28,116.24,18482060,115.53,116.45,115.06
2024-04-01,116.99,13817000,116.41,117.24,115.38
2024-04-02,119.28,19919640,117.92,119.6,117.33
2024-04-03,119.3,16504310,119.48,119.7479,118.73
2024-04-04,119.72,18467360,119.05,119.88,118.64
2024-04-05,121.37,21720590,119.98,122.15,119.64
2024-04-08,120.55,17513940,121.08,121.735,120.205
2024-04-09,121.18,14135720,121,121.6492,120.34
2024-04-10,122.2,17409180,121.22,122.47,120.73
2024-04-11,121.79,17555870,122.69,122.69,120.34
2024-04-12,120.37,21556220,122.95,123.75,119.67
2024-04-15,119.68,15029530,121.09,121.69,119.45
2024-04-16,118.69,18082230,119.555,120.22,117.92
2024-04-17,118.63,14538580,118.55,119.35,117.12
2024-04-18,118.52,13821360,119,119.72,117.97
2024-04-19,119.88,21572370,119.155,120.925,118.95
2024-04-22,120.56,16340690,119.26,121.565,118.43
2024-04-23,121.03,13929820,120,121.06,119.45
2024-04-24,121.05,12101160,120.3,121.255,119.39
2024-04-25,121.33,16041030,121.03,121.76,119.4
2024-04-26,117.96,27289470,119,119.1,116.22
2024-04-29,119.64,17343760,117.76,120.05,117.76
2024-04-30,118.27,21083290,119.11,120.2,117.98
2024-05-01,116.03,27789760,118.28,118.47,115.66
2024-05-02,116.24,25513650,116.26,117.26,115.9
2024-05-03,116,28023310,116,116.07,114.13
2024-05-06,116.75,31401260,116.67,118.34,116.4
2024-05-07,116.17,30121970,117.28,117.58,115.93
2024-05-08,116.15,18957170,115.71,116.9542,115.41
2024-05-09,118.44,17563980,116.2,118.53,116.19
2024-05-10,117.96,13648130,118.54,118.66,117.58
2024-05-13,117.91,15060620,118.42,119.04,117.12
2024-05-14,117.67,15079130,116.79,117.74,116.48
2024-05-15,118.58,18244300,117.61,118.84,116.08
2024-05-16,117.87,15745200,118.54,119.3,117.54
2024-05-17,119.64,15104470,118.3,119.83,117.96
2024-05-20,118.67,11551250,119.73,119.89,118.55
2024-05-21,117.85,14494980,118.4,119.45,117.78
2024-05-22,115.48,17879250,117.46,117.46,114.96
2024-05-23,113.51,15979840,115.6,117.51,113.36
2024-05-24,113.42,12212950,114.84,115.08,113.035
2024-05-28,114.86,13978310,113.52,115.11,113.07
2024-05-29,113.63,13902000,114.525,114.545,112.81
2024-05-30,113.99,14691980,113.27,114.13,112.955
2024-05-31,117.26,29037380,114.12,117.49,113.99
2024-06-03,114.45,19589340,116.3,116.36,113.76
2024-06-04,112.67,19412240,113,113.09,110.92
2024-06-05,113.12,14863520,112.89,113.19,111.48
2024-06-06,113.97,13154090,112.75,114.04,112.11
2024-06-07,112.75,13289200,113.79,114.895,112.6735
2024-06-10,113.08,15245230,113.06,114.2199,112.7
2024-06-11,112.17,12462400,112.49,112.6701,111.31
2024-06-12,110.93,13606790,113.3,113.3,110.54
2024-06-13,110.04,14466870,110.84,110.86,109.72
2024-06-14,109.11,13313430,110.02,110.207,108.59
2024-06-17,108.36,21147940,109.17,109.46,108.18
2024-06-18,109.38,17762920,109.03,110.72,108.8
2024-06-20,111.74,17433190,109.91,112.62,109.59
2024-06-21,110.76,52220570,111.9,112.695,110.76
2024-06-24,114.05,16266690,111.64,114.525,111.64
2024-06-25,114.37,16213680,114.11,114.55,113.455
2024-06-26,114.41,15771750,114.39,114.815,113.14
2024-06-27,114.9,16812730,114.99,114.99,114.11
2024-06-28,115.12,24565910,115.86,116.54,114.675
2024-07-01,114.96,11972880,115.71,116.74,114.53
2024-07-02,114.18,13326700,115.9,115.94,113.49
2024-07-03,114.76,7732928,114.27,115.66,114.27
2024-07-05,113.37,12630990,114.61,114.63,112.685
2024-07-08,112.18,13350550,112.39,113.55,111.42
2024-07-09,110.94,11729090,111.11,112.54,110.62
2024-07-10,111.92,10004090,110.92,111.96,110.42
2024-07-11,113.25,13084880,111.43,113.315,110.93
2024-07-12,113.27,11684950,113.99,114.15,112.63
2024-07-15,115.21,13032500,114.27,116.16,113.575
2024-07-16,116.04,13614050,114.35,116.35,113.71
2024-07-17,117.64,13602770,116.74,118.175,116.55
2024-07-18,118.8,13033560,117.95,119.92,117.435
2024-07-19,116.07,16157710,118.59,118.8793,115.87
2024-07-22,115.27,12065880,115.18,115.94,114.58
2024-07-23,113.41,11251730,114.81,115.17,113.17
2024-07-24,115.01,14925180,113.765,115.2,113.065
2024-07-25,117.43,17021700,115.17,118.03,114.56
2024-07-26,117.33,11252480,116.77,118.03,116.47
2024-07-29,116.1,8861806,117.32,117.39,115.38
2024-07-30,118.17,12483860,116.36,118.595,116.23
2024-07-31,118.59,15137710,119.64,119.76,118.56
2024-08-01,116.95,15051480,118.35,119.49,116.36
2024-08-02,116.88,20403770,115.97,118.87,115.42
2024-08-05,114.77,18025860,115.54,116.03,113.25
2024-08-06,114.16,13647780,114.45,115.63,113.63
2024-08-07,115.68,13660660,115.45,117.119,115.26
2024-08-08,117.89,13850990,116.08,118.105,115.73
2024-08-09,118.85,12151870,117.885,119.31,117.36
2024-08-12,119,13228910,119.55,120.1699,118.02
2024-08-13,117.86,11585070,118.275,118.51,117.5
2024-08-14,118.95,12194520,118.1,119.9,117.63
2024-08-15,118.73,11579430,118.25,119.63,118.12
2024-08-16,118.17,10056020,117.99,118.48,117.66
2024-08-19,118.53,12417470,118.4,120.5,118.17
2024-08-20,114.58,15631970,118.65,118.65,114.51
2024-08-21,113.85,11752360,115.01,115.57,113.76
2024-08-22,114.73,10609500,113.78,115.01,113.635
2024-08-23,116.32,10381430,115.025,116.72,115.025
2024-08-26,118.81,13671020,117.76,118.94,116.92
2024-08-27,117.68,9991631,118.96,119.41,117.4
2024-08-28,116.52,10742870,117,117.58,116.26
2024-08-29,118.13,10753900,117.2,118.79,116.35
2024-08-30,117.94,13284690,116.79,118.02,116.29
2024-09-03,115.47,15725140,115.84,116.09,114.04
2024-09-04,114.06,12620580,115.29,116.15,113.975
2024-09-05,113.17,17200770,115.07,115.28,113.07
2024-09-06,112.64,13467750,113.59,114.18,111.732
2024-09-09,115.01,21645330,112.87,116.15,112.66
2024-09-10,110.82,20913410,115.1,115.4,110.17
2024-09-11,109.72,19571950,110.775,110.95,107.77
2024-09-12,111.23,15923320,109.9,111.33,109.7609
2024-09-13,111.15,10035390,111.47,112.47,110.93
2024-09-16,112.71,11729030,112.05,113.085,111.69
2024-09-17,114.18,12202560,112.32,114.37,112.12
2024-09-18,114.58,12569930,114.11,115.63,113.81
2024-09-19,116,12660640,116.16,117.575,115.19
2024-09-20,115.27,36206200,115.46,115.51,114.25
2024-09-23,117.36,16066290,115.33,117.793,115.12
2024-09-24,117.05,11984860,117.84,118.16,116.83
2024-09-25,114.77,13816040,116.485,117.05,114.04
2024-09-26,112.8,16887910,111.14,113.48,111.14
2024-09-27,115.82,15963970,113.76,116.09,113.25
2024-09-30,117.22,13250660,115.46,117.39,114.96
2024-10-01,119.93,23235880,116.04,120.6,115.93
2024-10-02,121.52,17129680,121.93,122.82,120.2
2024-10-03,122.58,16524330,121.9,123.17,120.929
2024-10-04,124.83,19759210,123.2,125.19,122.43
2024-10-07,125.37,15714440,125.25,126.34,124.86
2024-10-08,122.04,14818480,123.88,124.02,121.26
2024-10-09,122.09,11144860,120.9,122.5799,120.8
2024-10-10,123.14,10243320,123.16,123.7013,122.29
2024-10-11,123.61,8294839,123.1,124.0339,122.94
2024-10-14,124.08,9808122,123.24,124.26,122.615
2024-10-15,120.35,15771320,120.82,121.95,119.78
2024-10-16,120.66,8426770,120.89,121.435,120.6
2024-10-17,120.35,11204860,120.76,121.58,119.71
2024-10-18,120.01,12898640,120.44,120.64,119.15
2024-10-21,120.08,10177780,120.98,121.48,119.72
2024-10-22,120.7,9201408,120.26,121.19,119.94
2024-10-23,120.27,8320330,119.97,120.75,119.4
2024-10-24,119.59,9905556,120,120.44,119.125
2024-10-25,119.49,10714580,120.2,120.43,119.315
2024-10-28,118.9,11844550,116.79,119.01,116.77
2024-10-29,117.28,14731020,118.58,119.1719,117.0701
2024-10-30,116.69,12303740,117.66,118.27,116.48
2024-10-31,116.78,20511980,117.15,118.67,116.68
2024-11-01,114.95,20939320,119.93,119.95,114.84
2024-11-04,118.61,14965430,116.07,118.7,115.93
2024-11-05,118.96,10436740,119.08,119.21,118.01
2024-11-06,121,20807680,121.145,121.91,119.3
2024-11-07,121.15,12184430,121.3,121.5,119.61
2024-11-08,121.11,12835970,120.98,121.42,119.66
2024-11-11,120.47,11969660,121,121.62,120.07
2024-11-12,120.35,11972800,121.13,121.31,119.8365
2024-11-13,121.47,15127880,120.565,122.05,118.8
2024-11-14,120.56,13041850,121.66,121.88,120.33
2024-11-15,119.31,19051710,120.4,121.24,119.13
2024-11-18,120.31,14243700,119.79,120.62,119.27
2024-11-19,118.63,11584380,119.75,119.75,118.2
2024-11-20,120.32,11360930,119.17,120.47,118.64
2024-11-21,121.93,14675420,121.08,122.5547,120.27
2024-11-22,121.79,13323430,121.82,123.21,121.64
2024-11-25,119.97,26580300,121.43,121.88,119.61
2024-11-26,117.97,14827330,119.53,119.68,117.845
2024-11-27,117.66,11079120,118.09,118.73,117.43
2024-11-29,117.96,9426499,117.44,118.5,116.95
2024-12-02,117.85,12687320,118.05,118.2,116.82
2024-12-03,117.67,11756570,118.72,118.72,117.255
2024-12-04,114.28,19520580,117.5,117.55,113.8612
2024-12-05,114.78,15751200,114.71,115.62,114.06
2024-12-06,113.57,16171070,114.54,114.77,113.5
2024-12-09,112.9,17412570,114.64,114.94,112.745
2024-12-10,112.67,20990940,113.585,113.88,111.75
2024-12-11,111.92,32392240,112,112.39,111.11
2024-12-12,111.82,14543260,111.59,112.38,110.78
2024-12-13,110.84,13106080,111.899,111.899,110.25
2024-12-16,108.47,20256090,110.2,110.4,108.16
2024-12-17,108.01,17554000,107.235,108.17,106.7869
2024-12-18,106.42,17114540,107.57,108.83,106.31
2024-12-19,105.51,20565560,107.39,107.67,105.21
2024-12-20,105.87,40141150,105.45,106.135,104.84
2024-12-23,106.3,12285080,105.31,106.6,104.92
2024-12-24,106.4,7806997,106.52,107.19,105.7
2024-12-26,106.49,9653408,106.52,107.03,105.94
2024-12-27,106.48,11943910,106.3,107.99,105.77
2024-12-30,105.76,11080770,106.3,106.56,105.51
2024-12-31,107.57,12387760,106.17,107.9,105.78
2025-01-02,107.31,12685450,108.275,109,106.88
2025-01-03,107.86,14237890,108,108.49,107.46
2025-01-06,107.74,15623680,108.24,109.78,107.52
2025-01-07,108.75,12625890,108.94,110.06,108.28
2025-01-08,106.93,17858110,107.31,107.71,106.01
2025-01-10,106.54,19304500,108.7,110.1,105.78
2025-01-13,109.29,17073400,107.125,109.63,107.125
2025-01-14,109.72,11191180,108.79,109.76,107.83
2025-01-15,111.51,14521100,110.05,111.73,109.47
2025-01-16,111.32,10366590,111.19,111.69,110.55
2025-01-17,112.32,19298500,111.03,112.8651,110.82
2025-01-21,111.47,20416290,112.05,112.175,111.1305
2025-01-22,109.53,15718010,111.2,111.57,109.4
2025-01-23,110.15,13726780,110.31,111.1425,109.61
2025-01-24,108.66,14235890,110.24,110.71,108.41
2025-01-27,110.17,15926670,109.01,110.4506,108.39
2025-01-28,108.04,15862030,110.41,110.87,107.79
2025-01-29,108.67,12345520,107.71,108.78,107.47
2025-01-30,109.57,14346340,109.24,109.85,108.7
2025-01-31,106.83,20381450,110.55,110.55,106.095
2025-02-03,107.09,14623200,106.64,107.3,105.3225
2025-02-04,109.96,14835690,106.705,110.28,106.53
2025-02-05,109.88,13364390,109.74,110.01,109.1
2025-02-06,108.43,13411400,110.77,111.05,107.985
2025-02-07,108.89,10051630,108.78,109.7304,108.32
2025-02-10,110.97,12142200,110.005,111.03,109.875
2025-02-11,111.67,12713130,111.6,112.51,110.82
2025-02-12,107.35,18244120,110.05,110.2269,107.18
2025-02-13,108.13,15459950,107.15,108.41,106.52
2025-02-14,108.24,15733530,108.52,110.23,108.1
2025-02-18,110.14,20060300,108.63,110.99,108.32
2025-02-19,110.3,10964700,110.755,112.13,110.055
2025-02-20,112,16325800,110.57,112.42,109.95
2025-02-21,110.69,14709990,111.32,111.85,110.56
2025-02-24,111.27,13153470,110.925,111.86,110.32
2025-02-25,109.73,14496960,111.3,112.13,108.8902
2025-02-26,109.46,10446410,109.74,109.87,108.52
2025-02-27,110.15,15293170,110.01,111.29,109.28
2025-02-28,111.33,18821670,110.11,111.58,109.34
2025-03-03,107.76,18706880,111.7,112.1563,106.51
2025-03-04,107.54,19394910,106.36,108.96,105.94
2025-03-05,105.44,24822250,105.84,106.33,103.67
2025-03-06,107.62,17150230,105.43,108.11,104.36
2025-03-07,109.02,19624970,108.41,110.4,108.3
2025-03-10,111.8,22749070,109.275,112.565,109.08
2025-03-11,109.16,19904740,111.92,112.1,108.785
2025-03-12,109.13,14051500,109.05,110.13,108.42
2025-03-13,108.67,17767840,108.33,110.82,107.625
2025-03-14,111.9,15890060,108.94,112.18,108.31
2025-03-17,113.76,19908790,111.8,114.495,111.73
2025-03-18,113.64,15998710,114.09,114.54,112.57
2025-03-19,115.41,17315000,114.2,115.815,113.83
2025-03-20,115.9,16230770,114.72,116.47,114.2125
2025-03-21,115.5,41102800,115.5,115.99,114.35
2025-03-24,115.8,14207470,115.68,116.91,115.58
2025-03-25,116.59,12081800,116.43,117.635,115.9628
2025-03-26,118.27,14112760,117.68,119.18,117.68
2025-03-27,117.89,12740790,118.1,119.07,117.258
2025-03-28,117.73,10233430,118.1,118.46,117.235
2025-03-31,118.93,21652350,117.79,119.905,117.79
2025-04-01,119.04,12425430,119.22,119.28,117.93
2025-04-02,118.67,12614610,118.39,118.84,117.66
2025-04-03,112.43,21204640,114.37,115.45,112.2315
2025-04-04,104.34,30841320,109.865,110.83,103.83
2025-04-07,102.94,35068450,100.39,105.8,98.46
2025-04-08,100.77,27147750,105.455,105.6,99.01
2025-04-09,105.8,30063290,99.37,106.58,98.13
2025-04-10,99.93,33999320,103.71,103.78,97.8
2025-04-11,103.14,22884630,100.3,103.93,98.79
2025-04-14,103.39,18019970,105.03,105.09,102.7205
2025-04-15,103.1,13164860,103.635,105.405,103
2025-04-16,104.19,13607020,103.95,105.59,103.695
2025-04-17,106.92,17916470,104.69,108.55,104.46
2025-04-21,105.35,16926490,105.61,105.63,104.12
2025-04-22,108.3,13147050,106.14,108.94,106.14
2025-04-23,107.37,14235710,108.81,109.3,106.47
2025-04-24,108.63,9849553,107.97,108.88,106.96
2025-04-25,108.57,11245790,108.14,108.755,107.42
2025-04-28,108.63,13890870,108.75,109.2497,107.68
2025-04-29,108.36,9483135,107.74,108.8299,107.5212
2025-04-30,105.63,20379280,107.415,107.415,104.15
2025-05-01,105.78,18610260,105.095,106.92,104.98
2025-05-02,106.21,16581870,107.72,109,104.55
2025-05-05,103.27,19623970,104.65,104.6575,103.07
2025-05-06,104.71,16303450,103.89,105.98,103.48
2025-05-07,104.61,12335920,104.99,105.29,104.07
2025-05-08,106.07,19196550,105.34,107.385,105.34
2025-05-09,107.31,10992080,107.14,107.745,106.38
2025-05-12,109.16,14244560,110.27,110.44,108.32
2025-05-13,109.46,13350840,109.32,110.51,109.02
2025-05-14,108.48,15494930,108.86,108.86,107.93
2025-05-15,108.58,15004290,106.49,108.65,105.97
2025-05-16,108.19,14042540,108.65,108.89,107.45
2025-05-19,106.47,16802720,107.57,107.57,105.72
2025-05-20,104.95,12429320,106.39,106.715,104.775
2025-05-21,103.66,16716080,104.53,104.965,103.64
2025-05-22,102.97,13417380,103.06,103.47,101.89
2025-05-23,103.03,12061610,102.595,103.47,102.07
2025-05-27,103.52,13043600,103.49,103.855,102.9
2025-05-28,102.11,14292380,104.29,104.43,101.7918
2025-05-29,102.69,13832490,102.28,102.845,101.75
2025-05-30,102.3,28645790,102.16,102.39,101.185
2025-06-02,103.05,17290460,103.75,103.85,102.22
2025-06-03,103.8,19194340,102.9,104.66,102.21
2025-06-04,102.3,15648520,103.915,104.92,102.3
2025-06-05,101.83,13942220,102.98,103.05,101.73
2025-06-06,104.27,15487840,102.76,104.5,102.675
2025-06-09,104.97,17087330,104.33,105.845,103.83
2025-06-10,107.22,17634790,106.075,107.645,105.9272
2025-06-11,109.31,22648190,107.76,109.39,106.46
2025-06-12,109.73,17469410,108.92,110.19,108.22
2025-06-13,112.12,28540170,112.35,112.53,110.68
2025-06-16,112.48,22986110,111.82,113.16,111.13
2025-06-17,114,19451700,113.95,114.93,113.11
2025-06-18,113.19,17968890,114.61,115.24,112.94
2025-06-20,114.7,36273290,113.45,115.035,113.18
2025-06-23,111.74,26631060,116.7,116.95,111.16
2025-06-24,108.34,24828280,109.25,110.94,107.91
2025-06-25,108.37,17483230,108.11,109.24,107.7
2025-06-26,109.99,18304840,108.94,110.435,108.55
2025-06-27,109.38,22002080,109.935,110.1,108.37
2025-06-30,107.8,19199050,108.64,108.84,107.72
2025-07-01,109.24,15536900,108.13,109.64,107.15
2025-07-02,111.05,11892160,110,111.36,108.825
2025-07-03,112.2,11223580,110.86,112.47,110.6187
2025-07-07,111.11,15415890,111.54,112.05,110.2226
2025-07-08,114.19,17913400,110.885,114.46,110.85
2025-07-09,113.8,10652060,113.92,114.27,113.27
2025-07-10,114.93,14903880,113.71,115.27,113.07
2025-07-11,115.43,11683880,114.85,115.76,114.5053
2025-07-14,113.92,13220300,115.225,115.225,113.22
2025-07-15,112.91,10959350,113.66,114.055,112.595
2025-07-16,112.23,11158850,112.875,113.5,112.1
2025-07-17,111.66,13151450,111.49,112.23,111.09
2025-07-18,107.77,32366590,111.11,111.73,107.34
2025-07-21,108.05,17010410,107.6,108.77,107.44
2025-07-22,108.54,13970890,107.98,109.44,107.61
2025-07-23,109.93,12002690,108.93,110,108.85
2025-07-24,110.79,15647210,109.66,110.95,109.125
2025-07-25,110.4,10548940,110.73,110.98,109.7
2025-07-28,111.44,12352970,111,112.1078,110.84
2025-07-29,112.88,15928000,111.9,113,111.41
2025-07-30,111.9,12996910,112.41,112.61,111.26
2025-07-31,111.64,17233740,110.36,112.495,110.36
2025-08-01,109.64,19652030,112,112.54,108.86
2025-08-04,107.37,19129470,109.22,109.92,107.085
2025-08-05,107.24,21314250,107.22,107.8151,106.07
2025-08-06,106.51,15321810,108.305,109.05,106.37
2025-08-07,105.95,13468290,107.14,108.06,105.89
2025-08-08,106.8,14417730,106.5,107.51,105.95
2025-08-11,105.83,13570660,107.11,107.5346,105.525
2025-08-12,106.13,14113220,106.34,107.28,105.78
2025-08-13,107.6,17958700,106,107.6,105.74
2025-08-14,107.38,13683470,107.55,107.59,106.441
2025-08-15,106.49,19271860,106.19,107.56,105.95
2025-08-18,106.72,13040020,106.1,107.2276,105.67
2025-08-19,107.42,16113610,106.2,107.46,106.15
2025-08-20,108.53,18959720,107.88,109.33,107.68
2025-08-21,109.23,12194900,108.42,109.565,107.96
2025-08-22,111.28,13586670,109.6,111.41,109.6
2025-08-25,111.74,9744897,110.9,111.92,110.54
2025-08-26,111.49,18143880,111.37,111.81,110.355
2025-08-27,112.75,15262630,111.42,112.98,111.42
2025-08-28,113.35,14189830,112.87,113.645,112.07
2025-08-29,114.29,14597870,113.715,114.79,113.58
2025-09-02,114.69,15206670,114.18,115.24,113.33
2025-09-03,111.91,14920090,113.97,114.43,111.46
2025-09-04,112.4,12864440,112.105,113.125,111.38
2025-09-05,109.23,16826690,111.6,111.78,109.02
2025-09-08,109.85,15440510,109.73,110.045,108.35
2025-09-09,110.65,14899500,110.525,112.51,110.525
2025-09-10,112.5,15837580,111.16,112.56,110.84
2025-09-11,112.14,11534500,111.4,112.765,110.87
2025-09-12,112.16,11105690,112.86,113.22,111.875
2025-09-15,112.35,12880490,112.18,112.455,111.315
2025-09-16,114.68,17208040,112.955,115.315,112.775
2025-09-17,115.29,13302030,114.525,115.485,114.05
2025-09-18,113.93,14628730,115.17,115.35,113.4
2025-09-19,112.82,38746520,113.9,113.98,112.64
2025-09-22,112.02,15611500,112.45,112.8,111.56
2025-09-23,113.95,25369110,112.72,114.7488,112.475
2025-09-24,114.56,14756050,114.57,115.76,114.47
2025-09-25,115.59,15012550,114.64,115.8999,114.41
2025-09-26,117.22,18568920,115.96,118.36,115.92
2025-09-29,114.22,19189260,116.06,116.5,113.665
2025-09-30,112.75,18076210,113.35,113.49,111.9393
2025-10-01,111.99,16613990,112.56,113.02,111.2925
2025-10-02,111.29,13062560,111.97,113.09,111.025
2025-10-03,113.26,12950120,111.9,113.745,111.9
2025-10-06,114.2,12036830,113.29,114.77,113.18
2025-10-07,114.26,11945030,114.07,114.51,111.74
2025-10-08,114.02,12300970,114.38,115.01,113.41
2025-10-09,112.91,10976220,114.425,115.51,112.735
2025-10-10,110.73,13811580,112.255,112.62,110.71
2025-10-13,112.24,10296500,111.54,112.3,111.315
2025-10-14,112.29,11167150,110.755,112.962,110.71
2025-10-15,111.61,12182940,112.8,113.57,110.97
2025-10-16,110.64,11782200,111.88,112.19,110.385
2025-10-17,112.24,13460070,111.63,112.91,111.18
2025-10-20,112.7,9523617,112,113.15,111.98
2025-10-21,112.71,9202349,112.89,113.3601,111.99
2025-10-22,114.71,12938790,113.45,115.18,113.08
2025-10-23,115.98,15001090,116.63,116.85,115.36
2025-10-24,115.39,9919409,116.35,116.47,115.18
2025-10-27,115.94,10975410,115.695,115.985,115.1
2025-10-28,115.03,9535211,115.49,116.18,114.99
2025-10-29,116.45,12570570,114.92,117.05,114.81
2025-10-30,114.69,16172940,116.425,116.52,114.53
2025-10-31,114.36,20213350,113.975,115.225,112.6225
2025-11-03,113.76,12290300,114.5,114.99,113.64
2025-11-04,114.14,16860740,113.38,114.3501,112.51
2025-11-05,113.68,12400920,114.09,115.18,113.67
2025-11-06,114.5,14219650,113.64,114.935,113.64
2025-11-07,117.22,17181150,115.21,117.505,114.9
2025-11-10,118.22,13047960,117.44,118.45,115.455
2025-11-11,119.78,16077100,118.83,120.8099,118.83
2025-11-12,118.12,13790890,119.1,119.28,117.79
2025-11-13,118.79,17291870,118.63,119.76,118.28
2025-11-14,119.29,17064270,118.45,119.48,116.6564
2025-11-17,117.68,16034860,118.97,119.5,117.11
2025-11-18,119.03,15808520,117.26,119.48,116.48
2025-11-19,117.35,15919240,116.85,118.18,115.93
2025-11-20,117.02,14401010,117.98,119.005,116.74
2025-11-21,117.08,15667600,116.99,117.38,115.65
2025-11-24,115.97,18034920,117.2,117.2,114.74
2025-11-25,114.51,14434560,115.18,115.9,114.19
2025-11-26,114.77,11650600,114.41,115.7391,114.31
2025-11-28,115.92,7240825,114.95,118.74,114.82
2025-12-01,116.63,12658100,116.1,117.41,116.1
2025-12-02,115.38,14607700,116.44,116.6,114.69
2025-12-03,117.8,16819130,115.945,117.98,115.875
2025-12-04,117.14,13686900,117.5,118.34,116.66
2025-12-05,116.54,12516860,116.75,118.775,116.41
2025-12-08,115.98,14904160,115.83,117,115.04
2025-12-09,118.25,23790820,116.9,120.47,116.89
2025-12-10,119.54,19845190,118.725,119.865,118.37
2025-12-11,119.54,14781790,119.11,120.36,119.065
2025-12-12,118.82,14459540,119.44,119.92,118.31
2025-12-15,117.76,16358670,119.01,119.03,116.85
2025-12-16,114.68,17638720,116.765,116.84,114.61
2025-12-17,117.41,18502150,115.21,117.62,115.17
2025-12-18,116.54,13705560,116.99,116.99,115.63
2025-12-19,116.69,45412810,116.75,117.57,115.955
2025-12-22,118.15,11768610,117.335,118.46,117.335
2025-12-23,119.42,12567630,118.47,120.03,118.32
2025-12-24,119.22,6137406,119.33,120.05,119.1177
2025-12-26,119.11,8066129,118.885,119.55,118.53
2025-12-29,120.53,14782510,120.15,121.2998,119.4
2025-12-30,120.99,11150490,121.1,121.796,120.63
2025-12-31,120.34,10559870,121.18,121.26,119.865
2026-01-02,122.65,14175060,120.09,122.68,119.6067
2026-01-05,125.36,30112240,125.21,125.93,122.39
2026-01-06,121.05,23328640,125.35,125.8,121
2026-01-07,118.49,20352950,119.8,120.12,118.274
2026-01-08,122.91,20232720,118.98,123.625,118.655
2026-01-09,124.61,16137670,123.23,124.86,123.095
2026-01-12,124.03,15314900,124.46,124.5,122.56
2026-01-13,126.54,21619730,125,127.14,124.81
2026-01-14,130.2,27593940,127.35,131.721,127.13
2026-01-15,129.13,17400040,129.13,130.195,128.3
2026-01-16,129.89,16592350,128.91,130.16,128.87
2026-01-20,130.46,16477280,131.51,131.94,130.07
2026-01-21,133.61,18879890,131.91,133.725,131.91
2026-01-22,133.64,16600130,133.05,134.18,131.85
2026-01-23,134.97,17758210,135.085,135.98,134.48
2026-01-26,134.84,16056070,136.93,136.9398,134.17
2026-01-27,136.83,14517030,135.245,136.93,134.71
2026-01-28,137.58,15637280,137.69,138.01,136.67
2026-01-29,140.51,35760620,140.32,142.34,139.11
2026-01-30,141.4,29657670,138.74,142.205,137.83
2026-02-02,138.4,27735570,139.83,140.32,138.06
2026-02-03,143.73,37577840,138.64,145.01,138.31
2026-02-04,147.59,29426240,144.115,147.84,144.115
2026-02-05,146.08,18431740,146.58,146.73,143.795
2026-02-06,149.05,17216030,146.62,149.57,146.09
2026-02-09,151.21,21297300,149.26,151.55,148.63
2026-02-10,151.59,15800260,151.35,151.78,149.82
2026-02-11,155.56,23091490,153.97,156.93,153.57
2026-02-12,149.93,30652470,153.89,155.25,149.88
2026-02-13,148.45,20166030,150.55,151.66,147.98
2026-02-17,146.19,19766570,148.2,149.13,145.15
2026-02-18,150.68,19849670,148.15,150.98,147.61
2026-02-19,150.97,20305030,152.2,153.38,150.835
2026-02-20,147.28,25908580,150.49,150.8055,146.46
2026-02-23,150.76,16073090,148.15,151.27,148.13
2026-02-24,149.26,14185460,150.42,150.72,148.03
2026-02-25,149.06,15225750,149.91,150.18,147.33
2026-02-26,148.54,15632100,147.805,150.96,146.77
2026-02-27,152.5,30275130,151,153.65,149.25
2026-03-02,154.22,31493080,159.35,159.605,153.03
2026-03-03,151.83,25198870,155.43,156.049,150.3
2026-03-04,149.82,16764760,150.72,151.16,147.86
2026-03-05,150.76,22969270,151,152.33,149.47
2026-03-06,151.21,21136430,153.15,153.8,149.96
2026-03-09,150.44,25532660,152.015,153.8899,149.47
2026-03-10,148.13,19617590,149.25,150.4,147.7
2026-03-11,151.58,15297410,147.99,151.81,147.66
2026-03-12,153.53,26053970,152.265,155,151.63
2026-03-13,156.12,22414090,154.3,156.89,152.975
2026-03-16,157.23,22835630,156,157.78,154.76
2026-03-17,158.81,21592170,158.25,160.45,156.8
2026-03-18,157.59,18947140,159.66,160.18,157.53
2026-03-19,158.16,27082730,158.26,159.56,154.84
2026-03-20,159.67,53942140,159.35,162.44,159.1
2026-03-23,161.13,25021290,156.115,161.42,155.02
2026-03-24,165.38,26131820,161.71,167.48,161.25
2026-03-25,163.26,17192330,163.87,165,162.93
2026-03-26,165.43,18625250,164.09,165.68,162.06
2026-03-27,170.99,30338310,165.58,171.23,164.8
2026-03-30,171.47,29813500,172.505,176.41,171.05
2026-03-31,169.66,32006720,172.67,174.38,165.97
2026-04-01,160.78,37927640,165.77,168,159.53
2026-04-02,160.69,25377660,164.49,166.9,159.59
2026-04-06,163.37,16344260,160.57,163.75,159.53
2026-04-07,163.91,25227500,164.22,166.24,161.77
2026-04-08,156.22,31311200,153.52,156.35,150.98
2026-04-09,155.04,25868380,156.86,159.23,154.31
2026-04-10,152.51,21065020,154.04,155.12,151.92
2026-04-13,152.64,18685610,154.27,154.62,151.28
2026-04-14,149.24,18528160,150.065,150.11,146.7201
2026-04-15,149.01,15626520,148.6,150.2315,146.9
2026-04-16,151.98,15191030,149.53,152.78,149.345
2026-04-17,146.44,28947450,144.86,146.8,141.97
2026-04-20,147.68,16354430,147.38,149.37,146.35
2026-04-21,148.36,17515930,147.37,148.8099,146.24
2026-04-22,149.5,13738700,149.365,150.68,148.18
2026-04-23,150.53,12970400,149.85,151.23,148.495
2026-04-24,148.91,13735860,149.64,150.3,146.9505
2026-04-27,148.19,13940840,149.155,151.18,147.9701
2026-04-28,150.56,15173620,151.53,152.31,149.83
2026-04-29,154.67,14669140,152.015,154.95,151.01
2026-04-30,154.33,22885900,152.43,155.69,151.34
2026-05-01,152.75,15458210,152.61,155.01,151.13
2026-05-04,153.69,14238530,152.67,154.47,149.515
2026-05-05,154.88,12494640,153.1,155.29,152.407
2026-05-06,148.69,20526980,149.07,150.33,147.09
2026-05-07,146.58,22509400,146.8,147.08,144.19
2026-05-08,144.57,19550070,145.85,146.5,143.9201
2026-05-11,149.68,14849470,146.02,149.72,146
2026-05-12,150.63,16443100,151.25,151.81,149.7701
2026-05-13,151.57,15772780,150.06,151.79,149.68
2026-05-14,152.78,11331470,151.9,153.1183,151.26
2026-05-15,157.92,27882410,153.75,158,153
2026-05-18,160.49,20065230,157.315,161.73,155.23
2026-05-19,162.55,20715550,161.5,163.32,159.6402
2026-05-20,156.28,18509730,161.61,163.68,156.27
2026-05-21,155.29,17061720,158.42,159.39,153.46
2026-05-22,154.92,12948450,154.03,155.5499,153.17
2026-05-26,149.81,13057760,153.5,154.55,149.47
2026-05-27,147.9,16241130,147.225,148.685,145.7528
2026-05-28,146.96,14012470,149.34,150.21,146.87
2026-05-29,145.26,27959900,146.185,146.93,144.71
2026-06-01,149.38,16732080,147.02,149.65,147
2026-06-02,149.56,10462400,149.025,150.83,148.5
2026-06-03,152.53,14372960,150.605,154.91,150.02
2026-06-04,152.04,11799390,152.05,153.4271,150.94
2026-06-05,149.92,16583960,152.005,152.13,149.3
2026-06-08,151.75,13870880,151.155,153.81,150.9
2026-06-09,148.91,18163530,150.91,151.13,147.78
2026-06-10,150.62,14596500,151.23,152.49,149.56
2026-06-11,146.6,17285830,152.3,152.49,146.42
2026-06-12,147.01,17713140,145.63,148.91,145.15
2026-06-15,140.92,23631400,139.74,141.98,137.72
2026-06-16,141.86,18925360,140.19,142.15,139.98
2026-06-17,140.74,16663230,141.22,142.34,140.3201
2026-06-18,137.81,48063440,138.32,138.46,135.85
2026-06-22,138.47,15783290,138.54,139,137.02
2026-06-23,139.73,13699420,139.46,140.39,138.5
2026-06-24,136.9,16212920,137.12,137.64,135.59
2026-06-25,137.55,13297160,135.64,138.07,134.95
2026-06-26,136.54,22684230,136.97,137.58,135.915
2026-06-29,136.06,11972700,136.58,137.39,135.3925
2026-06-30,136.72,28784050,136.48,137.3,135.33
2026-07-01,136.28,12433380,136.53,137.49,135.63
2026-07-02,137.09,13708010,137.15,139.14,136.33
2026-07-06,136.44,13915100,136.545,137.37,136.01
2026-07-07,141.69,14667800,138.56,141.74,138.13
2026-07-08,141.13,18291410,143.435,143.99,139.81
2026-07-09,137.46,14110200,139.66,140.05,137.12
2026-07-10,138.88,9753512,137.9,138.965,137.14
2026-07-13,144.51,18724340,140.92,145.23,140.485
2026-07-14,145.09,16096430,145.505,146,143.89
2026-07-15,144.51,13444490,145.09,145.09,142.03
2026-07-16,145.95,13518030,145.275,146.87,144.55
2026-07-17,147.36,19031350,149.03,150,147.17
2026-07-20,148.36,12149250,146.5,149.09,146.23
2026-07-21,151.71,13145280,149.01,151.76,148.48
2026-07-22,154.45,13788730,153.86,154.8,152.95
2026-07-23,156.89,15822790,156.6,158.57,156.06
2026-07-24,156.94,12091570,156.99,158.71,155.68
2026-07-27,154.77,13958930,153.07,155.42,152.5
2026-07-28,153.04,16299900,154.17,156.18,151.875
2026-07-29,156.75,14581270,157.72,159.0722,155.855
2026-07-30,156.97,12578060,155.09,157.78,154.525
2026-07-31,155.44,15714150,153.74,156.16,152.14
2026-08-03,155.06,14532760,153.455,155.91,152.65
2026-08-04,153.96,14347940,151.62,154.84,149.09
2026-08-05,151.63,12227540,155.035,155.04,151.1501
2026-08-06,154.84,11879080,154.22,154.87,151.84
2026-08-07,153.04,18455200,152.64,153.67,151.53
2026-08-10,159.79,19761560,154.5,160.37,154.45
2026-08-11,159.8,13744510,159.655,161.67,159.27
2026-08-12,159.75,13219470,158.55,160.23,157.56
2026-08-13,158.61,10542840,158.03,159.76,157.43
2026-08-14,160.1,10231340,159.71,161.255,159.25
2026-08-17,161.46,12858120,160.1,162.51,159.0906
2026-08-18,165.56,18952660,164.35,165.67,163.254
2026-08-19,164.77,13648940,166.065,168.21,164.66
2026-08-20,166.15,13803010,167.02,168.64,166.07
2026-08-21,165.11,14314260,166.54,168,164.61
2026-08-24,164.05,10843400,163.87,165.22,162.25
2026-08-25,160.64,17525320,161.45,162.805,160.46
2026-08-26,158.19,14847890,158,161.13,157.76
2026-08-27,156.44,14297270,157.625,158.19,156.14
2026-08-28,156.71,11362130,156.6,157.42,155.32
2026-08-31,160.95,18369120,159.94,161.59,158.74
2026-09-01,164.55,11389650,163.6,164.7,162.215
2026-09-02,164.15,11289260,163.93,165.02,162.76
2026-09-03,162.21,13761100,164.43,165.65,162.09
2026-09-04,159.47,16206350,161.02,161.48,159.16
